점포,강좌그룹,강좌명,강사명,개강일,시작시간,종료시간,요일,수강료,강좌횟수,접수상태,상세페이지,최근에 수집된 강좌와 비교
이마트 여수점,,"[여수점] 창의영재교육프로그램-몰펀(토,10:10)(5~6세)",,2020-09-05,10:10,11:00,토요일,"90,000원",12회,접수가능,http://culture.emart.com/lecture/lecture/view?year_code=2020&smst_code=S3&store_code=560&lect_code=1557385,신규
이마트 여수점,,"[여수점] [수달]트니트니 티엔짐(토,14:40)(4~6세)",,2020-09-05,14:40,15:20,토요일,"90,000원",12회,접수가능,http://culture.emart.com/lecture/lecture/view?year_code=2020&smst_code=S3&store_code=560&lect_code=1557173,신규
이마트 순천점,,[순천점] [할인]프리미엄 로얄 영어발레(4~7세) 화/16:20 ★아이혼자반,,2020-09-01,16:20,17:00,화요일,"75,000원",12회,접수가능,http://culture.emart.com/lecture/lecture/view?year_code=2020&smst_code=S3&store_code=900&lect_code=1441899,신규
이마트 순천점,,[순천점] [10주-9/8개강] 행복한 퍼포먼스 미술놀이터 (5~7세) 화/16:00,,2020-09-08,16:00,16:40,화요일,"80,000원",10회,접수가능,http://culture.emart.com/lecture/lecture/view?year_code=2020&smst_code=S3&store_code=900&lect_code=1442584,신규
이마트 순천점,,[순천점] [할인]오감발달 종이접기&클레이(5~8세) 목/16:40,,2020-09-03,16:40,17:20,목요일,"50,000원",12회,접수가능,http://culture.emart.com/lecture/lecture/view?year_code=2020&smst_code=S3&store_code=900&lect_code=1334546,신규
이마트 여수점,,"[여수점] [11주]두뇌로 수학(금,16:30)(5~6세)",,2020-09-04,16:30,17:10,금요일,"110,000원",11회,접수가능,http://culture.emart.com/lecture/lecture/view?year_code=2020&smst_code=S3&store_code=560&lect_code=1342601,신규
이마트 순천점,,"[순천점] [10주] A-kiz 유아 영어체육교실 (4~7세, 혼자반) 토/13:00",,2020-09-05,13:00,13:40,토요일,"80,000원",10회,접수가능,http://culture.emart.com/lecture/lecture/view?year_code=2020&smst_code=S3&store_code=900&lect_code=1552747,신규
이마트 순천점,,[순천점] [10주-9/12개강]창의톡톡! 미술아이 (5~6세) 토/10:00,,2020-09-12,10:00,10:50,토요일,"70,000원",10회,접수가능,http://culture.emart.com/lecture/lecture/view?year_code=2020&smst_code=S3&store_code=900&lect_code=1556394,신규
이마트 여수점,,"엄마+자녀 [여수점] [수달]트니트니키즈챔프(토,13:00)(37~55개월)",,2020-09-05,13:00,13:40,토요일,"120,000원",12회,접수가능,http://culture.emart.com/lecture/lecture/view?year_code=2020&smst_code=S3&store_code=560&lect_code=1248609,신규
이마트 여수점,,"[여수점] [NEW]디즈니 영어 뮤지컬 (수,16:30) (5~7세)",,2020-09-02,16:30,17:10,수요일,"120,000원",12회,접수가능,http://culture.emart.com/lecture/lecture/view?year_code=2020&smst_code=S3&store_code=560&lect_code=1456825,신규
이마트 여수점,,"[여수점] [할인][11주]클래식 키즈영어발레(금,16:40)(5~6세)",,2020-09-04,16:40,17:20,금요일,"64,000원",11회,접수가능,http://culture.emart.com/lecture/lecture/view?year_code=2020&smst_code=S3&store_code=560&lect_code=1447031,신규
이마트 여수점,,"[여수점] [10주] 굿프랜드 유아체육클럽(목,16:40)(5~7세)",,2020-09-03,16:40,17:20,목요일,"100,000원",10회,접수가능,http://culture.emart.com/lecture/lecture/view?year_code=2020&smst_code=S3&store_code=560&lect_code=1456416,신규
이마트 여수점,,"[여수점] [NEW][11주]우리아이 미술원 우.아.미(금,16:20)(5~7세)",,2020-09-04,16:20,17:00,금요일,"74,000원",11회,접수가능,http://culture.emart.com/lecture/lecture/view?year_code=2020&smst_code=S3&store_code=560&lect_code=1456823,신규
이마트 여수점,,"[여수점] 생각을 만들어가는 홍선생 미술 (토,15:10)(5~10세)형제자매반",,2020-09-05,15:10,16:00,토요일,"130,000원",12회,접수가능,http://culture.emart.com/lecture/lecture/view?year_code=2020&smst_code=S3&store_code=560&lect_code=1844805,신규
이마트 여수점,,"[여수점] [할인]이화YSM체형교정 발레(토,14:40)(5~6세)",,2020-09-05,14:40,15:20,토요일,"65,000원",12회,접수가능,http://culture.emart.com/lecture/lecture/view?year_code=2020&smst_code=S3&store_code=560&lect_code=1845653,신규
이마트 여수점,,"[여수점] 창의지필 퍼즐반(토,13:10)(초등1~6)",,2020-09-05,13:10,14:00,토요일,"110,000원",12회,접수가능,http://culture.emart.com/lecture/lecture/view?year_code=2020&smst_code=S3&store_code=560&lect_code=1842296,신규
이마트 여수점,,"[여수점] (한국사대비반)박선생 창의역사교실-(토,14:10)(초등3 이상)",,2020-09-05,14:10,15:00,토요일,"80,000원",12회,접수가능,http://culture.emart.com/lecture/lecture/view?year_code=2020&smst_code=S3&store_code=560&lect_code=1844652,신규
이마트 여수점,,"[여수점] 창의공작 종이접기 교실(토,15:10)(7~초등저)",,2020-09-05,15:10,16:00,토요일,"75,000원",12회,접수가능,http://culture.emart.com/lecture/lecture/view?year_code=2020&smst_code=S3&store_code=560&lect_code=1835288,신규
이마트 여수점,,"엄마+자녀 [여수점] [가제트]트니트니키즈챔프(수,16:40)(35~55개월)",,2020-09-02,16:40,17:20,수요일,"120,000원",12회,접수가능,http://culture.emart.com/lecture/lecture/view?year_code=2020&smst_code=S3&store_code=560&lect_code=11F4927,신규
이마트 순천점,,[순천점] [버블쇼]9/6(일)15:00 우리아이 청결관리! 냠냠 치카 뽀득 버블쇼(4세이상/인당접수),,2020-09-06,15:00,15:40,일요일,"2,000원",1회,접수가능,http://culture.emart.com/lecture/lecture/view?year_code=2020&smst_code=S3&store_code=900&lect_code=20g9631,신규
이마트 순천점,,[순천점] [일일특강]8/29(토)13:20 땅의 여신 데메테르 쑥쑥 자라요! 씨앗심기(5~7세),,2020-08-29,13:20,14:00,토요일,"5,000원",1회,접수가능,http://culture.emart.com/lecture/lecture/view?year_code=2020&smst_code=S3&store_code=900&lect_code=20h3186,신규
이마트 순천점,,[순천점] [일일특강]9/12(토)12:30 백희나 작가 특집- 따뜻한 상상 알사탕(5~7세),,2020-09-12,12:30,13:20,토요일,"3,000원",1회,접수가능,http://culture.emart.com/lecture/lecture/view?year_code=2020&smst_code=S3&store_code=900&lect_code=20h3250,신규
이마트 순천점,,[순천점] [동아]9/12(토)12:30 토루 글라스칼라와 함께하는 미술놀이터(5세이상),,2020-09-12,12:30,13:20,토요일,"5,500원",1회,접수가능,http://culture.emart.com/lecture/lecture/view?year_code=2020&smst_code=S3&store_code=900&lect_code=20h3258,신규
이마트 순천점,,[순천점] [일일특강]9/6(일)15:30(★취소는7일전까지가능)197만명 구독자수 흔한남매의 강추! 문센놀이 야광 슬라임(,,2020-09-06,15:30,16:20,일요일,"13,000원",1회,접수가능,http://culture.emart.com/lecture/lecture/view?year_code=2020&smst_code=S3&store_code=900&lect_code=20h3949,신규
이마트 순천점,,[순천점] [일일특강]9/5(토)12:30 백희나 작가 특집- 장수탕 선녀님(5~7세),,2020-09-05,12:30,13:20,토요일,"3,000원",1회,접수가능,http://culture.emart.com/lecture/lecture/view?year_code=2020&smst_code=S3&store_code=900&lect_code=20h3252,신규
이마트 순천점,,[순천점] [플레이도]9/19(토)12:30(★취소는7일전까지가능)소방관 놀이-삐용 삐용 소방차의 새신발(엄마랑 4~6세),,2020-09-19,12:30,13:20,토요일,"5,000원",1회,접수가능,http://culture.emart.com/lecture/lecture/view?year_code=2020&smst_code=S3&store_code=900&lect_code=20h4090,신규
이마트 순천점,,[순천점] [일일특강]8/22(토)12:00 신나게 놀자! 영어 놀이터(4~6세),,2020-08-22,12:00,12:40,토요일,"4,000원",1회,접수가능,http://culture.emart.com/lecture/lecture/view?year_code=2020&smst_code=S3&store_code=900&lect_code=20h4929,신규
이마트 순천점,,[순천점] [웅진씽크빅]10/18(일)14:20 창의직업 탐험가 (4~6세),,2020-10-18,14:20,15:00,일요일,"2,000원",1회,접수가능,http://culture.emart.com/lecture/lecture/view?year_code=2020&smst_code=S3&store_code=900&lect_code=20h4112,신규
이마트 순천점,,[순천점] [일일특강]8/25(화)16:20 프리미엄 로얄 영어 발레 (4~7세 혼자반),,2020-08-25,16:20,17:00,화요일,"5,000원",1회,접수가능,http://culture.emart.com/lecture/lecture/view?year_code=2020&smst_code=S3&store_code=900&lect_code=20h4940,신규
이마트 순천점,,[순천점] [일일특강]8/30(일)11:00 행복한 퍼포먼스 미술놀이터 '날아라 로켓아'(24개월~5세),,2020-08-30,11:00,11:40,일요일,"6,000원",1회,접수가능,http://culture.emart.com/lecture/lecture/view?year_code=2020&smst_code=S3&store_code=900&lect_code=20h3976,신규
이마트 순천점,,[순천점] [일일특강]8/29(토)12:20(★취소는7일전까지가능)블록가든 블록화분 만들기(5~7세),,2020-08-29,12:20,13:00,토요일,"6,000원",1회,접수가능,http://culture.emart.com/lecture/lecture/view?year_code=2020&smst_code=S3&store_code=900&lect_code=20h5447,신규
이마트 순천점,,"[순천점] [사진촬영]9/20(일)11:00 즉석 흑백사진관'나의 오늘'에서 흑백가족사진 촬영하기 (가족,친구,연인)",,2020-09-20,11:00,13:00,일요일,"2,000원",1회,대기신청,http://culture.emart.com/lecture/lecture/view?year_code=2020&smst_code=S3&store_code=900&lect_code=20h4223,신규
이마트 순천점,,[순천점] [일일특강]8/30(일)12:00 행복한 퍼포먼스 미술놀이터 '날아라 로켓아'(5~7세),,2020-08-30,12:00,12:40,일요일,"6,000원",1회,접수가능,http://culture.emart.com/lecture/lecture/view?year_code=2020&smst_code=S3&store_code=900&lect_code=20h3979,신규
이마트 순천점,,[순천점] [옥스포드]9/20(일)14:00(★취소는7일전까지가능)영어랑 숫자랑 핑크퐁 아기상어 놀이 학습 블록(엄마랑 5~,,2020-09-20,14:00,14:40,일요일,"23,000원",1회,접수가능,http://culture.emart.com/lecture/lecture/view?year_code=2020&smst_code=S3&store_code=900&lect_code=20h4014,신규
이마트 순천점,,"[순천점] [신비아파트]10/24(토)13:30(★취소는7일전까지가능)캐릭터와 함께하는 실험 뚝딱 과학교실(초등저, 케르베",,2020-10-24,13:30,14:20,토요일,"12,000원",1회,접수가능,http://culture.emart.com/lecture/lecture/view?year_code=2020&smst_code=S3&store_code=900&lect_code=20h0358,신규
이마트 순천점,,[순천점] [레츠토이]9/6(일)14:30(★취소는7일전까지가능)집콕놀이 꿀템! 푸쉬푸쉬 달리는 풍선 자동차(아빠랑 5~6세,,2020-09-06,14:30,15:20,일요일,"10,000원",1회,접수가능,http://culture.emart.com/lecture/lecture/view?year_code=2020&smst_code=S3&store_code=900&lect_code=20h0326,신규
이마트 순천점,,[순천점] [일일특강]9/26(토)12:30 (★취소는7일전까지가능)재미있는 패밀리 보드게임! 흔한남매 방탈출 사다리 게임,,2020-09-26,12:30,13:20,토요일,"11,000원",1회,접수가능,http://culture.emart.com/lecture/lecture/view?year_code=2020&smst_code=S3&store_code=900&lect_code=20h4037,신규
이마트 여수점,,"[여수점] 9/20(일,16:00)[퍼포먼스]우리아이 미술원 동글동글 포도야 놀자(5~7세)",,2020-09-20,16:00,16:40,일요일,"8,000원",1회,접수가능,http://culture.emart.com/lecture/lecture/view?year_code=2020&smst_code=S3&store_code=560&lect_code=20g8683,신규
이마트 여수점,,"[여수점] 8/30(일,16:20)퍼포먼스 미술 놀이터 날아라 로켓아(5~7세)",,2020-08-30,16:20,17:00,일요일,"6,000원",1회,접수가능,http://culture.emart.com/lecture/lecture/view?year_code=2020&smst_code=S3&store_code=560&lect_code=20g8685,신규
이마트 여수점,,"[여수점] 8/22(토,15:00) [로비] 나무액자 만들기(5~6세)",,2020-08-22,15:00,16:00,토요일,"1,000원",1회,접수가능,http://culture.emart.com/lecture/lecture/view?year_code=2020&smst_code=S3&store_code=560&lect_code=20h1851,신규
이마트 여수점,,"[여수점] 8/22(토,14:00) [로비] 마우스 스탠드(5~6세)",,2020-08-22,14:00,15:00,토요일,"2,000원",1회,접수가능,http://culture.emart.com/lecture/lecture/view?year_code=2020&smst_code=S3&store_code=560&lect_code=20h1849,신규
이마트 여수점,,"[여수점] 9/20(일,14:00)[★5일전까지취소가능][레츠토이]푸쉬푸쉬 달리는 풍선 자동차(5~6세,부모1인)",,2020-09-20,14:00,14:50,일요일,"9,900원",1회,접수가능,http://culture.emart.com/lecture/lecture/view?year_code=2020&smst_code=S3&store_code=560&lect_code=20h1145,신규
이마트 여수점,,"[여수점] 10/18(일,13:00)[영어동화]퀴니쿠니 English Playground Jurassic Park(엄마랑 5~6세)",,2020-10-18,13:00,13:40,일요일,"5,000원",1회,접수가능,http://culture.emart.com/lecture/lecture/view?year_code=2020&smst_code=S3&store_code=560&lect_code=20g8691,신규
이마트 여수점,,"[여수점] 9/20(일,13:00)[★5일전까지취소가능][레츠토이]물나오는 꼬마쉐프 싱크대놀이(4~6세,부모1인)",,2020-09-20,13:00,13:50,일요일,"19,900원",1회,접수가능,http://culture.emart.com/lecture/lecture/view?year_code=2020&smst_code=S3&store_code=560&lect_code=20g9423,신규
이마트 여수점,,[여수점] 9/6(일.14:00)[블록가든]창의력 쑥쑥 만세 선인장 블록 화분(로비),,2020-09-06,14:00,15:00,일요일,"5,400원",1회,접수가능,http://culture.emart.com/lecture/lecture/view?year_code=2020&smst_code=S3&store_code=560&lect_code=20g9842,신규
이마트 여수점,,"[여수점] 9/6(일,15:00)[★7일전까지취소가능][옥스포드]핑크퐁 아기상어 알파벳 친구들(4~5세)",,2020-09-06,15:00,15:50,일요일,"22,000원",1회,접수가능,http://culture.emart.com/lecture/lecture/view?year_code=2020&smst_code=S3&store_code=560&lect_code=20g9799,신규
이마트 여수점,,"[여수점] 9/6(일,14:30)이화YSM발레 체험전(5~6세)-가을에 만나요",,2020-09-06,14:30,15:10,일요일,"3,000원",1회,접수가능,http://culture.emart.com/lecture/lecture/view?year_code=2020&smst_code=S3&store_code=560&lect_code=20h2282,신규
이마트 여수점,,"[여수점] 8/29(토,16:00)[★5일전까지취소가능][레츠토이]에그톡 물감놀이(5~7세,부모1인)",,2020-08-29,16:00,16:50,토요일,"20,900원",1회,접수가능,http://culture.emart.com/lecture/lecture/view?year_code=2020&smst_code=S3&store_code=560&lect_code=20g9460,신규
이마트 여수점,,"[여수점] 9/20(일,16:00)[★5일전까지취소가능][떡카소]쫄깃한 떡치킨(5~7세,부모1인)",,2020-09-20,16:00,16:50,일요일,"7,000원",1회,접수가능,http://culture.emart.com/lecture/lecture/view?year_code=2020&smst_code=S3&store_code=560&lect_code=20g9734,신규
이마트 여수점,,"[여수점] 9/20(일,14:00) [주말에 뭐하니? 나의 부캐찾기] 이 구역 댄스왕은 바로 나(성인)",,2020-09-20,14:00,14:50,일요일,"3,000원",1회,접수가능,http://culture.emart.com/lecture/lecture/view?year_code=2020&smst_code=S3&store_code=560&lect_code=20h1480,신규
이마트 여수점,,"[여수점] 10/17(토,17:00)[과학교실]신비아파트 케르베로스 풍력자동차(초등저)",,2020-10-17,17:00,17:50,토요일,"12,000원",1회,접수가능,http://culture.emart.com/lecture/lecture/view?year_code=2020&smst_code=S3&store_code=560&lect_code=20g9790,신규
이마트 여수점,,"[여수점] 9/6(일,13:00)굿프랜드 유아체육 연구소와 함께하는 도넛블럭 신체놀이(부모동반,5~7세)",,2020-09-06,13:00,13:50,일요일,"5,000원",1회,접수가능,http://culture.emart.com/lecture/lecture/view?year_code=2020&smst_code=S3&store_code=560&lect_code=20g8558,신규
이마트 여수점,,"[여수점] 9/20(일,15:00)[★5일전까지취소가능][떡카소]쫀떡 케이크(5~7세,부모1인)",,2020-09-20,15:00,15:50,일요일,"7,500원",1회,접수가능,http://culture.emart.com/lecture/lecture/view?year_code=2020&smst_code=S3&store_code=560&lect_code=20g9724,신규
이마트 여수점,,"[여수점] 9/6(일,11:30)원더매직 냠냠치카뽀득 버블 매직쇼(3세이상)*인당접수",,2020-09-06,11:30,12:10,일요일,"2,000원",1회,접수가능,http://culture.emart.com/lecture/lecture/view?year_code=2020&smst_code=S3&store_code=560&lect_code=20g8543,신규
이마트 여수점,,"[여수점] 8/29(토,14:00)[주말에 뭐하니?]반짝반짝 금손 뽐내기 낭만가득 네온사인",,2020-08-29,14:00,16:00,토요일,"25,000원",1회,접수가능,http://culture.emart.com/lecture/lecture/view?year_code=2020&smst_code=S3&store_code=560&lect_code=20h1511,신규
이마트 여수점,,"[여수점] 8/29(토,14:00)[수달]트니트니 키즈챔프-수달쌤과함께해요~(37~55개월)",,2020-08-29,14:00,14:40,토요일,"10,000원",1회,접수가능,http://culture.emart.com/lecture/lecture/view?year_code=2020&smst_code=S3&store_code=560&lect_code=20g7859,신규
이마트 여수점,,"[여수점] 9/20(일,14:00)[푸드아트]에바알머슨의 맛있는 명화(5~7세)",,2020-09-20,14:00,14:50,일요일,"8,000원",1회,접수가능,http://culture.emart.com/lecture/lecture/view?year_code=2020&smst_code=S3&store_code=560&lect_code=20g8578,신규
이마트 여수점,,"[여수점] 8/21(금,16:20)[퍼포먼스]우리아이 미술원 버블 물감 세상(5~7세)",,2020-08-21,16:20,17:00,금요일,"5,000원",1회,접수가능,http://culture.emart.com/lecture/lecture/view?year_code=2020&smst_code=S3&store_code=560&lect_code=20g8673,신규
이마트 여수점,,"[여수점] 8/30(일,11:00) [로비] 픽셀 비즈 생쥐(5~6세)",,2020-08-30,11:00,12:00,일요일,"1,000원",1회,접수가능,http://culture.emart.com/lecture/lecture/view?year_code=2020&smst_code=S3&store_code=560&lect_code=20h1852,신규
이마트 여수점,,"[여수점] 10/17(토,13:00)[놀이동화]신기한 수학나라 캠핑장에 가요(5~6세)",,2020-10-17,13:00,13:40,토요일,"2,000원",1회,접수가능,http://culture.emart.com/lecture/lecture/view?year_code=2020&smst_code=S3&store_code=560&lect_code=20g9258,신규
이마트 여수점,,"[여수점] 8/29(토,13:00)쿠키 클레이-인기만점 펭귄쿠키(엄마랑5~7세)",,2020-08-29,13:00,13:50,토요일,"6,000원",1회,접수가능,http://culture.emart.com/lecture/lecture/view?year_code=2020&smst_code=S3&store_code=560&lect_code=20h2404,신규
이마트 여수점,,"[여수점] 9/6(일,14:00)[두뇌놀이 루크]키즈스콜레 바닷속 여행놀이(혼자하는4~5세)",,2020-09-06,14:00,14:40,일요일,"4,000원",1회,접수가능,http://culture.emart.com/lecture/lecture/view?year_code=2020&smst_code=S3&store_code=560&lect_code=20g9372,신규
이마트 여수점,,"[여수점] 8/29(토,15:00)[★7일전까지취소가능][창작동화]작은 동물원(5~6세)",,2020-08-29,15:00,15:50,토요일,"4,500원",1회,접수가능,http://culture.emart.com/lecture/lecture/view?year_code=2020&smst_code=S3&store_code=560&lect_code=20g9389,신규
이마트 여수점,,"[여수점] 9/6(일,16:00)[★7일전까지취소가능][옥스포드]핑크퐁 아기상어 알파벳 친구들(5~6세)",,2020-09-06,16:00,16:50,일요일,"22,000원",1회,접수가능,http://culture.emart.com/lecture/lecture/view?year_code=2020&smst_code=S3&store_code=560&lect_code=20g9805,신규
이마트 여수점,,"[여수점] 8/22(토,13:00)역대급 비쥬얼 얼초 초코보석 반지(5세이상)",,2020-08-22,13:00,13:50,토요일,"3,000원",1회,접수가능,http://culture.emart.com/lecture/lecture/view?year_code=2020&smst_code=S3&store_code=560&lect_code=20h1137,신규
롯데마트 여수점,,[여수점] 9/5 과학☆말랑말랑 신기한 물라스틱(5세~초등),노영란,2020-09-05,12:30,13:20,토요일,"2,000원",1회,접수가능,http://culture.lottemart.com/cu/gus/course/courseinfo/courseview.do?cls_cd=20200370533100&is_category_open=N&search_term_cd=202003&search_str_cd=705,신규
롯데마트 여수점,,[여수점] 10월 유럽식 창의영재 교구놀이 몰펀 블럭(5~6세) 10/10~10/31,주미진,2020-10-10,11:30,12:20,토요일,"30,000원",4회,접수가능,http://culture.lottemart.com/cu/gus/course/courseinfo/courseview.do?cls_cd=20200370533052&is_category_open=N&search_term_cd=202003&search_str_cd=705,신규
롯데마트 여수점,,[여수점] 11월★스토리텔링 신나는 놀이과학(5~7세) 11/7~11/28,노영란,2020-11-07,11:30,12:20,토요일,"26,800원",4회,접수가능,http://culture.lottemart.com/cu/gus/course/courseinfo/courseview.do?cls_cd=20200370533034&is_category_open=N&search_term_cd=202003&search_str_cd=705,신규
롯데마트 여수점,,[여수점] 4명 정원-한솔교육과 함께하는 신기한 수학나라(5세),문화센터,2020-09-01,17:00,17:50,화요일,"200,000원",12회,접수가능,http://culture.lottemart.com/cu/gus/course/courseinfo/courseview.do?cls_cd=20200370533011&is_category_open=N&search_term_cd=202003&search_str_cd=705,신규
롯데마트 여수점,,[여수점] 11월 유럽식 창의영재 교구놀이 몰펀 블럭(5~6세) 11/7~11/28,주미진,2020-11-07,11:30,12:20,토요일,"30,000원",4회,접수가능,http://culture.lottemart.com/cu/gus/course/courseinfo/courseview.do?cls_cd=20200370533053&is_category_open=N&search_term_cd=202003&search_str_cd=705,신규
롯데마트 여수점,,[여수점] 9월★스토리텔링 신나는 놀이과학(5~7세)9/5~9/26,노영란,2020-09-05,11:30,12:20,토요일,"26,800원",4회,접수가능,http://culture.lottemart.com/cu/gus/course/courseinfo/courseview.do?cls_cd=20200370533032&is_category_open=N&search_term_cd=202003&search_str_cd=705,신규
롯데마트 여수점,,[여수점] 10월★스토리텔링 신나는 놀이과학(5~7세)10/10~10/31,노영란,2020-10-10,11:30,12:20,토요일,"26,800원",4회,접수가능,http://culture.lottemart.com/cu/gus/course/courseinfo/courseview.do?cls_cd=20200370533033&is_category_open=N&search_term_cd=202003&search_str_cd=705,신규
롯데마트 여수점,,[여수점] 11월 집중력과 창의력 높여주는 키즈 클레이공예(5~7세) 11/7~11/28,채규숙,2020-11-07,13:30,14:20,토요일,"20,000원",4회,접수가능,http://culture.lottemart.com/cu/gus/course/courseinfo/courseview.do?cls_cd=20200370532043&is_category_open=N&search_term_cd=202003&search_str_cd=705,신규
롯데마트 여수점,,[여수점] 9월 유럽식 창의영재 교구놀이 몰펀 블럭(5~6세) 9/5~9/26,주미진,2020-09-05,11:30,12:20,토요일,"30,000원",4회,접수가능,http://culture.lottemart.com/cu/gus/course/courseinfo/courseview.do?cls_cd=20200370533051&is_category_open=N&search_term_cd=202003&search_str_cd=705,신규
롯데마트 여수점,,[여수점] ★1만원할인)스토리텔링 신나는 놀이과학(5~7세),노영란,2020-09-05,11:30,12:20,토요일,"80,000원",12회,접수가능,http://culture.lottemart.com/cu/gus/course/courseinfo/courseview.do?cls_cd=20200370533030&is_category_open=N&search_term_cd=202003&search_str_cd=705,신규
롯데마트 여수점,,[여수점] 유럽식 창의영재 교구놀이 몰펀 블럭(5~6세),주미진,2020-09-05,11:30,12:20,토요일,"90,000원",12회,접수가능,http://culture.lottemart.com/cu/gus/course/courseinfo/courseview.do?cls_cd=20200370533050&is_category_open=N&search_term_cd=202003&search_str_cd=705,신규
롯데마트 여수점,,[여수점] 악필교정 예쁜글씨 POP&캘리그라피(초등~성인),정덕신,2020-09-05,14:30,15:20,토요일,"70,000원",12회,접수가능,http://culture.lottemart.com/cu/gus/course/courseinfo/courseview.do?cls_cd=20200370542030&is_category_open=N&search_term_cd=202003&search_str_cd=705,신규
롯데마트 여수점,,[여수점] 10/31 할로윈데이★오싹한 할로윈 미라빵 만들기(5세이상),김정영,2020-10-31,11:30,12:20,토요일,"13,000원",1회,접수가능,http://culture.lottemart.com/cu/gus/course/courseinfo/courseview.do?cls_cd=20200370536110&is_category_open=N&search_term_cd=202003&search_str_cd=705,신규
롯데마트 여수점,,[여수점] 10/17 할로윈데이-할로윈 몬스터 비누 만들기(5세이상),채규숙,2020-10-17,14:30,15:20,토요일,"2,000원",1회,접수가능,http://culture.lottemart.com/cu/gus/course/courseinfo/courseview.do?cls_cd=20200370537132&is_category_open=N&search_term_cd=202003&search_str_cd=705,신규
롯데마트 여수점,,[여수점] 10/24 할로윈데이-할로윈 호박 바구니 만들기(5세이상),채규숙,2020-10-24,14:30,15:20,토요일,"2,000원",1회,접수가능,http://culture.lottemart.com/cu/gus/course/courseinfo/courseview.do?cls_cd=20200370537133&is_category_open=N&search_term_cd=202003&search_str_cd=705,신규
롯데마트 여수점,,[여수점] 9/12 꼬마요리사★가을소풍 돈가스 도시락 만들기(5세이상),김정영,2020-09-12,10:30,11:20,토요일,"13,000원",1회,접수가능,http://culture.lottemart.com/cu/gus/course/courseinfo/courseview.do?cls_cd=20200370536106&is_category_open=N&search_term_cd=202003&search_str_cd=705,신규
롯데마트 여수점,,[여수점] 9/5 꼬마요리사★동글동글 모닝빵 샌드위치 만들기(5세이상),김정영,2020-09-05,10:30,11:20,토요일,"13,000원",1회,접수가능,http://culture.lottemart.com/cu/gus/course/courseinfo/courseview.do?cls_cd=20200370536105&is_category_open=N&search_term_cd=202003&search_str_cd=705,신규
롯데마트 여수점,,[여수점] 9/26 꼬마요리사★귀여운 모양 상투과자(5세이상),김정영,2020-09-26,10:30,11:20,토요일,"13,000원",1회,접수가능,http://culture.lottemart.com/cu/gus/course/courseinfo/courseview.do?cls_cd=20200370536108&is_category_open=N&search_term_cd=202003&search_str_cd=705,신규
롯데마트 여수점,,[여수점] 11월 즐거움 가득한 행복한 토요일! 룰루랄라 키즈 요리교실(5~8세) 11/7~11/28,김정영,2020-11-07,10:30,11:20,토요일,"20,000원",4회,접수가능,http://culture.lottemart.com/cu/gus/course/courseinfo/courseview.do?cls_cd=20200370536014&is_category_open=N&search_term_cd=202003&search_str_cd=705,신규
롯데마트 여수점,,[여수점] 8/29 키즈원예체험-캐릭터 토피어리 만들기(5세이상),채규숙,2020-08-29,13:30,14:20,토요일,"2,000원",1회,접수가능,http://culture.lottemart.com/cu/gus/course/courseinfo/courseview.do?cls_cd=20200370537136&is_category_open=N&search_term_cd=202003&search_str_cd=705,신규
롯데마트 여수점,,[여수점] 토요일 로비특강★9/12 손씻기가 즐거운 캐릭터 비누 만들기(5세이상),문화센터,2020-09-12,14:00,14:50,토요일,"2,000원",1회,접수가능,http://culture.lottemart.com/cu/gus/course/courseinfo/courseview.do?cls_cd=20200370537124&is_category_open=N&search_term_cd=202003&search_str_cd=705,신규
롯데마트 여수점,,[여수점] 토요일 로비특강★10/17 할로윈 가면 만들기(5세이상),문화센터,2020-10-17,14:00,14:50,토요일,"2,000원",1회,접수가능,http://culture.lottemart.com/cu/gus/course/courseinfo/courseview.do?cls_cd=20200370537125&is_category_open=N&search_term_cd=202003&search_str_cd=705,신규
롯데마트 여수점,,[여수점] 11/7 빼빼로데이★길쭉길쭉 수제 빼빼로 만들기(5세이상),김정영,2020-11-07,11:30,12:20,토요일,"13,000원",1회,접수가능,http://culture.lottemart.com/cu/gus/course/courseinfo/courseview.do?cls_cd=20200370536111&is_category_open=N&search_term_cd=202003&search_str_cd=705,신규
롯데마트 여수점,,[여수점] 9/19 꼬마요리사★탱글탱글 과일젤리(5세이상),김정영,2020-09-19,10:30,11:20,토요일,"13,000원",1회,접수가능,http://culture.lottemart.com/cu/gus/course/courseinfo/courseview.do?cls_cd=20200370536107&is_category_open=N&search_term_cd=202003&search_str_cd=705,신규
롯데마트 여수점,,[여수점] 8/29 키즈원데이-빛이 나는 LED 클레이 취침등 만들기(5세이상),채규숙,2020-08-29,12:30,13:20,토요일,"2,000원",1회,접수가능,http://culture.lottemart.com/cu/gus/course/courseinfo/courseview.do?cls_cd=20200370537135&is_category_open=N&search_term_cd=202003&search_str_cd=705,신규
롯데마트 여수점,,[여수점] 10/10 꼬마요리사★한글날 내이름 쿠키(5세이상),김정영,2020-10-10,10:30,11:20,토요일,"13,000원",1회,접수가능,http://culture.lottemart.com/cu/gus/course/courseinfo/courseview.do?cls_cd=20200370536109&is_category_open=N&search_term_cd=202003&search_str_cd=705,신규
롯데마트 여수점,,[여수점] 8/29 꼬마요리사★달콤한 초코칲 쿠키(5세이상),김정영,2020-08-29,10:30,11:20,토요일,"13,000원",1회,접수가능,http://culture.lottemart.com/cu/gus/course/courseinfo/courseview.do?cls_cd=20200370536104&is_category_open=N&search_term_cd=202003&search_str_cd=705,신규
롯데마트 여수점,,[여수점] 8/22 꼬마요리사★동글동글 베이글 피자 만들기(5세이상),김정영,2020-08-22,10:30,11:20,토요일,"13,000원",1회,접수가능,http://culture.lottemart.com/cu/gus/course/courseinfo/courseview.do?cls_cd=20200370536103&is_category_open=N&search_term_cd=202003&search_str_cd=705,신규
롯데마트 여수점,,[여수점] 토요일 로비특강★8/22 알록달록 파스텔 체인 마스크 스트랩 만들기(5세이상),문화센터,2020-08-22,14:00,14:50,토요일,"1,000원",1회,접수가능,http://culture.lottemart.com/cu/gus/course/courseinfo/courseview.do?cls_cd=20200370537126&is_category_open=N&search_term_cd=202003&search_str_cd=705,신규
롯데마트 여수점,,[여수점] 10월 즐거움 가득한 행복한 토요일! 룰루랄라 키즈 요리교실(5~8세) 10/10~10/31,김정영,2020-10-10,10:30,11:20,토요일,"20,000원",4회,접수가능,http://culture.lottemart.com/cu/gus/course/courseinfo/courseview.do?cls_cd=20200370536013&is_category_open=N&search_term_cd=202003&search_str_cd=705,신규
롯데마트 여수점,,[여수점] 9월 즐거움 가득한 행복한 토요일! 룰루랄라 키즈 요리교실(5~8세) 9/5~9/26,김정영,2020-09-05,10:30,11:20,토요일,"20,000원",4회,접수가능,http://culture.lottemart.com/cu/gus/course/courseinfo/courseview.do?cls_cd=20200370536012&is_category_open=N&search_term_cd=202003&search_str_cd=705,신규
롯데마트 여수점,,[여수점] 소수정예 6팀 우리끼리 트니트니 클래스(12개월~7세),김승원,2020-09-05,13:30,14:20,토요일,"500,000원",12회,접수가능,http://culture.lottemart.com/cu/gus/course/courseinfo/courseview.do?cls_cd=20200370535042&is_category_open=N&search_term_cd=202003&search_str_cd=705,신규
롯데마트 여수점,,[여수점] 9월 혼자서도 잘해요! 트니짐 유아 체육교실(5~7세)A 9/5~9/26,김승원,2020-09-05,12:40,13:20,토요일,"30,000원",4회,접수가능,http://culture.lottemart.com/cu/gus/course/courseinfo/courseview.do?cls_cd=20200370535043&is_category_open=N&search_term_cd=202003&search_str_cd=705,신규
롯데마트 여수점,,[여수점] 9/19 과학☆로켓의 원리-슝 에어로켓 만들기(5세~초등),노영란,2020-09-19,12:30,13:20,토요일,"2,000원",1회,접수가능,http://culture.lottemart.com/cu/gus/course/courseinfo/courseview.do?cls_cd=20200370533102&is_category_open=N&search_term_cd=202003&search_str_cd=705,신규
롯데마트 여수점,,[여수점] 혼자서도 잘해요! 트니짐 유아 체육교실(5~7세)A,김승원,2020-09-05,12:40,13:20,토요일,"90,000원",12회,접수가능,http://culture.lottemart.com/cu/gus/course/courseinfo/courseview.do?cls_cd=20200370535040&is_category_open=N&search_term_cd=202003&search_str_cd=705,신규
롯데마트 여수점,,[여수점] 8/29 트니트니 지니쌤과 신나는 체육놀이(5~7세),김승원,2020-08-29,13:30,14:10,토요일,"2,000원",1회,접수가능,http://culture.lottemart.com/cu/gus/course/courseinfo/courseview.do?cls_cd=20200370535100&is_category_open=N&search_term_cd=202003&search_str_cd=705,신규
롯데마트 여수점,,[여수점] 11월 혼자서도 잘해요! 트니짐 유아 체육교실(5~7세)A 11/7~11/28,김승원,2020-11-07,12:40,13:20,토요일,"30,000원",4회,접수가능,http://culture.lottemart.com/cu/gus/course/courseinfo/courseview.do?cls_cd=20200370535045&is_category_open=N&search_term_cd=202003&search_str_cd=705,신규
롯데마트 여수점,,[여수점] 혼자서도 잘해요! 트니짐 유아 체육교실(5~7세)B,김승원,2020-09-05,14:30,15:10,토요일,"90,000원",12회,접수가능,http://culture.lottemart.com/cu/gus/course/courseinfo/courseview.do?cls_cd=20200370535041&is_category_open=N&search_term_cd=202003&search_str_cd=705,신규
롯데마트 여수점,,[여수점] 즐거움 가득한 행복한 토요일! 룰루랄라 키즈 요리교실(5~8세),김정영,2020-09-05,10:30,11:20,토요일,"60,000원",12회,접수가능,http://culture.lottemart.com/cu/gus/course/courseinfo/courseview.do?cls_cd=20200370536010&is_category_open=N&search_term_cd=202003&search_str_cd=705,신규
롯데마트 여수점,,[여수점] 10월 혼자서도 잘해요! 트니짐 유아 체육교실(5~7세)A 10/10~10/31,김승원,2020-10-10,12:40,13:20,토요일,"30,000원",4회,접수가능,http://culture.lottemart.com/cu/gus/course/courseinfo/courseview.do?cls_cd=20200370535044&is_category_open=N&search_term_cd=202003&search_str_cd=705,신규
롯데마트 여수점,,[여수점] 9/12 과학☆대나무 활 만들기(5세~초등),노영란,2020-09-12,12:30,13:20,토요일,"2,000원",1회,접수가능,http://culture.lottemart.com/cu/gus/course/courseinfo/courseview.do?cls_cd=20200370533101&is_category_open=N&search_term_cd=202003&search_str_cd=705,신규
롯데마트 여수점,,"[여수점] 2만원할인)키가 쑥쑥 마음쑥쑥 샤오린 키즈 성장체조(4~5세,엄마랑반)",김준희,2020-09-05,14:30,15:10,토요일,"60,000원",12회,접수가능,http://culture.lottemart.com/cu/gus/course/courseinfo/courseview.do?cls_cd=20200370535050&is_category_open=N&search_term_cd=202003&search_str_cd=705,신규
롯데마트 여수점,,[여수점] 11월★스토리텔링 신나는 놀이과학 교실(7세~초3) 11/7~11/28,노영란,2020-11-07,10:30,11:20,토요일,"26,800원",4회,접수가능,http://culture.lottemart.com/cu/gus/course/courseinfo/courseview.do?cls_cd=20200370543043&is_category_open=N&search_term_cd=202003&search_str_cd=705,신규
롯데마트 여수점,,[여수점] 9월★스토리텔링 신나는 놀이과학 교실(7세~초3) 9/5~9/26,노영란,2020-09-05,10:30,11:20,토요일,"26,800원",4회,접수가능,http://culture.lottemart.com/cu/gus/course/courseinfo/courseview.do?cls_cd=20200370543041&is_category_open=N&search_term_cd=202003&search_str_cd=705,신규
롯데마트 여수점,,[여수점] 10월★스토리텔링 신나는 놀이과학 교실(7세~초3) 10/10~10/31,노영란,2020-10-10,10:30,11:20,토요일,"26,800원",4회,접수가능,http://culture.lottemart.com/cu/gus/course/courseinfo/courseview.do?cls_cd=20200370543042&is_category_open=N&search_term_cd=202003&search_str_cd=705,신규
롯데마트 여수점,,"[여수점] 2만원할인)★키가 쑥쑥 마음쑥쑥 샤오린 키즈 성장체조(8세,혼자서반)",김준희,2020-09-05,15:20,16:00,토요일,"60,000원",12회,접수가능,http://culture.lottemart.com/cu/gus/course/courseinfo/courseview.do?cls_cd=20200370546050&is_category_open=N&search_term_cd=202003&search_str_cd=705,신규
롯데마트 여수점,,[여수점] 10월 집중력과 창의력 높여주는 키즈 클레이공예(5~7세) 10/10~10/31,채규숙,2020-10-10,13:30,14:20,토요일,"20,000원",4회,접수가능,http://culture.lottemart.com/cu/gus/course/courseinfo/courseview.do?cls_cd=20200370532042&is_category_open=N&search_term_cd=202003&search_str_cd=705,신규
롯데마트 여수점,,[여수점] 9월 생각이 쑥쑥! 크는아이 상상력을 키우는 창의미술 (5~7세) 9/5~9/26,채규숙,2020-09-05,12:30,13:20,토요일,"30,000원",4회,접수가능,http://culture.lottemart.com/cu/gus/course/courseinfo/courseview.do?cls_cd=20200370532011&is_category_open=N&search_term_cd=202003&search_str_cd=705,신규
롯데마트 여수점,,[여수점] 10월 생각을 만들어가는 아트세원 미술(5~7세)B반 10/10~10/31,장세원,2020-10-10,11:30,12:20,토요일,"43,600원",4회,접수가능,http://culture.lottemart.com/cu/gus/course/courseinfo/courseview.do?cls_cd=20200370532024&is_category_open=N&search_term_cd=202003&search_str_cd=705,신규
롯데마트 여수점,,[여수점] 10월 생각을 만들어가는 아트세원 미술(5~10세)C반 10/10~10/31,장세원,2020-10-10,12:30,13:20,토요일,"43,600원",4회,접수가능,http://culture.lottemart.com/cu/gus/course/courseinfo/courseview.do?cls_cd=20200370532027&is_category_open=N&search_term_cd=202003&search_str_cd=705,신규
롯데마트 여수점,,[여수점] 조기마감 추천강좌! 생각을 만들어가는 아트세원 미술(5~7세)B반,장세원,2020-09-05,11:30,12:20,토요일,"130,000원",12회,접수가능,http://culture.lottemart.com/cu/gus/course/courseinfo/courseview.do?cls_cd=20200370532021&is_category_open=N&search_term_cd=202003&search_str_cd=705,신규
롯데마트 여수점,,[여수점] 집중력과 창의력 높여주는 키즈 클레이공예(5~7세),채규숙,2020-09-05,13:30,14:20,토요일,"60,000원",12회,접수가능,http://culture.lottemart.com/cu/gus/course/courseinfo/courseview.do?cls_cd=20200370532040&is_category_open=N&search_term_cd=202003&search_str_cd=705,신규
롯데마트 여수점,,[여수점] 생각이 쑥쑥! 크는아이 상상력을 키우는 창의미술 (5~7세),채규숙,2020-09-05,12:30,13:20,토요일,"90,000원",12회,접수가능,http://culture.lottemart.com/cu/gus/course/courseinfo/courseview.do?cls_cd=20200370532010&is_category_open=N&search_term_cd=202003&search_str_cd=705,신규
롯데마트 여수점,,[여수점] 9월 생각을 만들어가는 아트세원 미술(5~7세)B반 9/5~9/26,장세원,2020-09-05,11:30,12:20,토요일,"43,600원",4회,접수가능,http://culture.lottemart.com/cu/gus/course/courseinfo/courseview.do?cls_cd=20200370532023&is_category_open=N&search_term_cd=202003&search_str_cd=705,신규
롯데마트 여수점,,[여수점] 11월 생각을 만들어가는 아트세원 미술(5~7세)B반 11/7~11/28,장세원,2020-11-07,11:30,12:20,토요일,"43,600원",4회,접수가능,http://culture.lottemart.com/cu/gus/course/courseinfo/courseview.do?cls_cd=20200370532025&is_category_open=N&search_term_cd=202003&search_str_cd=705,신규
롯데마트 여수점,,[여수점] 9월 집중력과 창의력 높여주는 키즈 클레이공예(5~7세) 9/5~9/26,채규숙,2020-09-05,13:30,14:20,토요일,"20,000원",4회,접수가능,http://culture.lottemart.com/cu/gus/course/courseinfo/courseview.do?cls_cd=20200370532041&is_category_open=N&search_term_cd=202003&search_str_cd=705,신규
롯데마트 여수점,,[여수점] 조기마감 추천강좌! 생각을 만들어가는 아트세원 미술(5~7세)C반,장세원,2020-09-05,12:30,13:20,토요일,"130,000원",12회,접수가능,http://culture.lottemart.com/cu/gus/course/courseinfo/courseview.do?cls_cd=20200370532022&is_category_open=N&search_term_cd=202003&search_str_cd=705,신규
롯데마트 여수점,,[여수점] 11월 생각을 만들어가는 아트세원 미술(5~10세)C반 11/7~11/28,장세원,2020-11-07,12:30,13:20,토요일,"43,600원",4회,접수가능,http://culture.lottemart.com/cu/gus/course/courseinfo/courseview.do?cls_cd=20200370532028&is_category_open=N&search_term_cd=202003&search_str_cd=705,신규
롯데마트 여수점,,[여수점] 9월 생각을 만들어가는 아트세원 미술(5~10세)C반 9/5~9/26,장세원,2020-09-05,12:30,13:20,토요일,"43,600원",4회,접수가능,http://culture.lottemart.com/cu/gus/course/courseinfo/courseview.do?cls_cd=20200370532026&is_category_open=N&search_term_cd=202003&search_str_cd=705,신규
롯데마트 여수점,,[여수점] 10월 생각이 쑥쑥! 크는아이 상상력을 키우는 창의미술 (5~7세) 10/10~10/31,채규숙,2020-10-10,12:30,13:20,토요일,"30,000원",4회,접수가능,http://culture.lottemart.com/cu/gus/course/courseinfo/courseview.do?cls_cd=20200370532012&is_category_open=N&search_term_cd=202003&search_str_cd=705,신규
롯데마트 여수점,,[여수점] 11월 생각이 쑥쑥! 크는아이 상상력을 키우는 창의미술 (5~7세) 11/7~11/28,채규숙,2020-11-07,12:30,13:20,토요일,"30,000원",4회,접수가능,http://culture.lottemart.com/cu/gus/course/courseinfo/courseview.do?cls_cd=20200370532013&is_category_open=N&search_term_cd=202003&search_str_cd=705,신규
롯데마트 여수점,,[여수점] 토요 트니트니 키즈챔프(32~55개월),김승원,2020-09-05,10:10,10:50,토요일,"120,000원",12회,접수가능,http://culture.lottemart.com/cu/gus/course/courseinfo/courseview.do?cls_cd=20200370525020&is_category_open=N&search_term_cd=202003&search_str_cd=705,신규
롯데마트 여수점,,[여수점] 조기마감 추천강좌! 생각을 만들어가는 아트세원 미술(5~7세)A반,장세원,2020-09-05,10:30,11:20,토요일,"130,000원",12회,대기신청,http://culture.lottemart.com/cu/gus/course/courseinfo/courseview.do?cls_cd=20200370532020&is_category_open=N&search_term_cd=202003&search_str_cd=705,신규
롯데마트 여수점,,[여수점] 8/18 한솔교육과 함께하는 신기한 수학나라(5세) 일일체험,문화센터,2020-08-18,17:00,17:50,화요일,"2,000원",1회,대기신청,http://culture.lottemart.com/cu/gus/course/courseinfo/courseview.do?cls_cd=20200370533013&is_category_open=N&search_term_cd=202003&search_str_cd=705,신규
홈플러스 광양점,[유아] 토탈공예,#{AUTUMN festival} 9/12(토) 수정토를 이용한 테라리움 꾸미기 (4세이상~누구나) 보호자 1인 ※11:00~12:00,김진희,2020-09-12,11:00,12:00,토요일,"2,000원",1회,접수가능,http://school.homeplus.co.kr/Lecture/SearchLectureDetail.aspx?LectureMasterID=7730567,신규
홈플러스 광양점,[유아] 토탈공예,# [AUTUMN festival] 9/5(토) 바이러스 퇴치! 천연 손 세정제 30ml (4세이상~누구나) ※12:00~13:00,이상미,2020-09-05,12:00,13:00,토요일,"2,000원",1회,접수가능,http://school.homeplus.co.kr/Lecture/SearchLectureDetail.aspx?LectureMasterID=7730938,신규
홈플러스 광양점,[유아] 키즈쿠킹,(AUTUMN festival) 9/12(토) 쫀득쫀득 수제 마카롱 꾸미기 (4세~누구나) ★재료비무료★ 11:40~12:20,김선지,2020-09-12,11:40,12:20,토요일,"1,000원",1회,대기신청,http://school.homeplus.co.kr/Lecture/SearchLectureDetail.aspx?LectureMasterID=7731114,신규
홈플러스 광양점,[유아] 토탈공예,# [AUTUMN festival] 8/22(토) 손을 깨끗이! 캐릭터 천연비누 (4세이상~누구나) ★재료비무료★ ※12:00~13:00,이상미,2020-08-22,12:00,13:00,토요일,"1,000원",1회,대기신청,http://school.homeplus.co.kr/Lecture/SearchLectureDetail.aspx?LectureMasterID=7730970,신규
홈플러스 광양점,[유아] 키즈쿠킹,(AUTUMN festival) 9/12(토) 쫀득쫀득 수제 마카롱 꾸미기 (4세~누구나) ★재료비무료★ 11:00~11:40,김선지,2020-09-12,11:00,11:40,토요일,"1,000원",1회,대기신청,http://school.homeplus.co.kr/Lecture/SearchLectureDetail.aspx?LectureMasterID=7731102,신규
홈플러스 광양점,[유아] 트윈클발레,"8월) 트윈클 동화 발레,댄스 (4-5세) ※8/7개강",정유리,2020-08-07,16:10,16:50,금요일,"20,000원",3회,방문상담,http://school.homeplus.co.kr/Lecture/SearchLectureDetail.aspx?LectureMasterID=7699003,신규
홈플러스 광양점,[유아] 키즈쿠킹,"(1DAY CLASS) 10/4(일) [한글날] 우리말 우리가족 이름 쿠키 (4세이상,엄마랑)",박선효,2020-10-04,13:00,13:50,일요일,"10,000원",1회,접수가능,http://school.homeplus.co.kr/Lecture/SearchLectureDetail.aspx?LectureMasterID=7743257,신규
홈플러스 광양점,[유아] 키즈쿠킹,(AUTUMN festival) 9/12(토) 쫀득쫀득 수제 마카롱 꾸미기 (4세~누구나) ★재료비무료★ 12:20~13:00,김선지,2020-09-12,12:20,13:00,토요일,"1,000원",1회,대기신청,http://school.homeplus.co.kr/Lecture/SearchLectureDetail.aspx?LectureMasterID=7731120,신규
홈플러스 광양점,[유아] 토탈공예,# [AUTUMN festival] 8/22(토) 손을 깨끗이! 캐릭터 천연비누 (4세이상~누구나) ★재료비무료★ ※11:00~12:00,이상미,2020-08-22,11:00,12:00,토요일,"1,000원",1회,대기신청,http://school.homeplus.co.kr/Lecture/SearchLectureDetail.aspx?LectureMasterID=7730977,신규
홈플러스 광양점,[유아] 트윈클발레,"8월) 트윈클 동화 발레,댄스 (5-6세) ※8/7개강",정유리,2020-08-07,17:00,17:40,금요일,"20,000원",3회,방문상담,http://school.homeplus.co.kr/Lecture/SearchLectureDetail.aspx?LectureMasterID=7699004,신규
홈플러스 광양점,[유아] 보드게임,"(일) 가족 대항 보드게임(4회) ※접수시 3인 이상 수강신청(총 37,500원) ",김건수,2020-09-06,11:00,11:50,일요일,"25,000원",4회,접수가능,http://school.homeplus.co.kr/Lecture/SearchLectureDetail.aspx?LectureMasterID=7709341,신규
홈플러스 광양점,[유아] 토탈공예,# [AUTUMN festival] 9/5(토) 바이러스 퇴치! 천연 손 세정제 30ml (4세이상~누구나) ※11:00~12:00,이상미,2020-09-05,11:00,12:00,토요일,"2,000원",1회,접수가능,http://school.homeplus.co.kr/Lecture/SearchLectureDetail.aspx?LectureMasterID=7730859,신규
홈플러스 광양점,[유아] 키즈쿠킹,"(1DAY CLASS) 11/8(일) 길쭉 길쭉! 나만의 수제 빼빼로 (4세이상,보호자 1인) ★공방진행★",박선효,2020-11-08,11:00,11:40,일요일,"12,000원",1회,대기신청,http://school.homeplus.co.kr/Lecture/SearchLectureDetail.aspx?LectureMasterID=7742971,신규
홈플러스 광양점,[유아] 밸리댄스,#흔들흔들 키즈 밸리 댄스 (4세 이상) 8/22(토) ★추천★,김민경,2020-08-22,14:40,15:10,토요일,"5,000원",1회,접수가능,http://school.homeplus.co.kr/Lecture/SearchLectureDetail.aspx?LectureMasterID=7733789,신규
홈플러스 광양점,[유아] 창의교구,#8/25(화) [올로 로보티즈] 내가 만든 로봇 자동차 (5-6세) ,강봉성,2020-08-25,16:00,16:30,화요일,"2,000원",1회,접수가능,http://school.homeplus.co.kr/Lecture/SearchLectureDetail.aspx?LectureMasterID=7762068,신규
홈플러스 광양점,[유아] 토탈공예,#{AUTUMN festival} 9/12(토) 수정토를 이용한 테라리움 꾸미기 (4세이상~누구나)보호자 1인 ※12:00~13:00,김진희,2020-09-12,12:00,13:00,토요일,"2,000원",1회,접수가능,http://school.homeplus.co.kr/Lecture/SearchLectureDetail.aspx?LectureMasterID=7730571,신규
홈플러스 광양점,[유아] 토탈공예,[1DAY CLASS] 10/24(토) 미니풍선 스마일 꽃다발 (5세이상~누구나) ※12:00~13:00 시간별 선착순 접수,김진희,2020-10-24,12:00,13:00,토요일,"2,000원",1회,접수가능,http://school.homeplus.co.kr/Lecture/SearchLectureDetail.aspx?LectureMasterID=7742766,신규
홈플러스 광양점,[유아] 창의미술,"8월) 홍선생미술 창의키즈아트 (5-7세,A) ※8/1개강",김엔다,2020-08-01,10:10,11:00,토요일,"30,000원",4회,방문상담,http://school.homeplus.co.kr/Lecture/SearchLectureDetail.aspx?LectureMasterID=7691182,신규
홈플러스 광양점,[유아] 마술,9/19(토) 매직 벌룬쇼 & 해리의 마법학교  (24개월이상~누구나) 1인기준 ※자녀와 부모 각각 접수,신동용,2020-09-19,15:20,16:00,토요일,"1,000원",1회,접수가능,http://school.homeplus.co.kr/Lecture/SearchLectureDetail.aspx?LectureMasterID=7731691,신규
홈플러스 광양점,[유아] 창의미술,"8월) 홍선생미술 창의키즈아트 (5-7세,B) ※8/1개강",김엔다,2020-08-01,11:10,12:00,토요일,"30,000원",4회,방문상담,http://school.homeplus.co.kr/Lecture/SearchLectureDetail.aspx?LectureMasterID=7695433,신규
홈플러스 광양점,[유아] 토탈공예,9/19(토) 캐릭터 디폼 블록  ,안진숙,2020-09-19,13:30,15:30,토요일,"2,000원",1회,접수가능,http://school.homeplus.co.kr/Lecture/SearchLectureDetail.aspx?LectureMasterID=7760408,신규
홈플러스 광양점,[유아] 토탈공예,[1DAY CLASS] 10/24(토) 미니풍선 스마일 꽃다발 (5세이상~누구나) ※11:00~12:00 시간별 선착순 접수,김진희,2020-10-24,11:00,12:00,토요일,"2,000원",1회,접수가능,http://school.homeplus.co.kr/Lecture/SearchLectureDetail.aspx?LectureMasterID=7742721,신규
홈플러스 광양점,[유아] 토탈공예,[1DAY CLASS] 10/17(토) 반짝 반짝 캐릭터 조명볼 꾸미기 (4세이상) 14:00~15:00,안진숙,2020-10-17,14:00,15:00,토요일,"2,000원",1회,접수가능,http://school.homeplus.co.kr/Lecture/SearchLectureDetail.aspx?LectureMasterID=7742653,신규
홈플러스 광양점,[유아] 토탈공예,[AUTUMN festival] 9/19(토) 캐릭터 디폼 블록 (4세이상~누구나) ★재료비 무료★,안진숙,2020-09-19,13:30,15:30,토요일,"1,000원",1회,대기신청,http://school.homeplus.co.kr/Lecture/SearchLectureDetail.aspx?LectureMasterID=7730423,신규
홈플러스 광양점,[유아] 토탈공예,[1DAY CLASS] 10/17(토) 반짝 반짝 캐릭터 조명볼 꾸미기 (4세이상) 15:00~16:00,안진숙,2020-10-17,15:00,16:00,토요일,"2,000원",1회,접수가능,http://school.homeplus.co.kr/Lecture/SearchLectureDetail.aspx?LectureMasterID=7742689,신규
홈플러스 광양점,[유아] 토탈공예,[AUTUMN festival] 8/22(토) 조물조물 클레이 손거울 (4세이상~누구나) ※13:30~14:30,안진숙,2020-08-22,13:30,14:30,토요일,"2,000원",1회,접수가능,http://school.homeplus.co.kr/Lecture/SearchLectureDetail.aspx?LectureMasterID=7730372,신규
홈플러스 광양점,[유아] 토탈공예,"[AUTUMN festival] 9/5(토) 엄마와 함께 블링블링 네일아트,A (4세이상,보호자 1인)※11:00~11:30 시간별 선착순 접수",신온누리,2020-09-05,11:00,11:30,토요일,"2,000원",1회,접수가능,http://school.homeplus.co.kr/Lecture/SearchLectureDetail.aspx?LectureMasterID=7730028,신규
홈플러스 광양점,[유아] 토탈공예,"[1DAY CLASS] 9/19(토) 레터링 화분에 허브 심기 (4세이상,엄마랑) ※11:00~13:00",김진희,2020-09-19,11:00,13:00,토요일,"2,000원",1회,접수가능,http://school.homeplus.co.kr/Lecture/SearchLectureDetail.aspx?LectureMasterID=7742860,신규
홈플러스 광양점,[유아] 토탈공예,[AUTUMN festival] 10/24(토) 할로윈 나만의 가면 만들기 (4세이상~누구나) ※14:00~15:00,안진숙,2020-10-24,14:00,15:00,토요일,"2,000원",1회,접수가능,http://school.homeplus.co.kr/Lecture/SearchLectureDetail.aspx?LectureMasterID=7730474,신규
홈플러스 광양점,[유아] 토탈공예,[1DAY CLASS] 11/7(토) 캐릭터 풍선 & 빼빼로 꽃다발 (5세이상~누구나) ※11:00~12:00 시간별 선착순 접수,김진희,2020-11-07,11:00,12:00,토요일,"2,000원",1회,접수가능,http://school.homeplus.co.kr/Lecture/SearchLectureDetail.aspx?LectureMasterID=7743155,신규
홈플러스 광양점,[유아] 토탈공예,"[AUTUMN festival] 9/5(토) 엄마와 함께 블링블링 네일아트,B (4세이상,보호자 1인)※11:30~12:00 시간별 선착순 접수",신온누리,2020-09-05,11:30,12:00,토요일,"2,000원",1회,접수가능,http://school.homeplus.co.kr/Lecture/SearchLectureDetail.aspx?LectureMasterID=7730015,신규
홈플러스 광양점,[유아] 토탈공예,[AUTUMN festival] 10/24(토) 할로윈 나만의 가면 만들기 (4세이상~누구나) ※15:00~16:00,안진숙,2020-10-24,15:00,16:00,토요일,"2,000원",1회,접수가능,http://school.homeplus.co.kr/Lecture/SearchLectureDetail.aspx?LectureMasterID=7730491,신규
홈플러스 광양점,[유아] 토탈공예,[AUTUMN festival] 8/22(토) 조물조물 클레이 손거울 (4세이상~누구나) ※14:30~15:30,안진숙,2020-08-22,14:30,15:30,토요일,"2,000원",1회,접수가능,http://school.homeplus.co.kr/Lecture/SearchLectureDetail.aspx?LectureMasterID=7730362,신규
홈플러스 광양점,[유아] 토탈공예,[1DAY CLASS] 11/7(토) 캐릭터 풍선 & 빼빼로 꽃다발 (5세이상~누구나) ※12:00~13:00 시간별 선착순 접수,김진희,2020-11-07,12:00,13:00,토요일,"2,000원",1회,접수가능,http://school.homeplus.co.kr/Lecture/SearchLectureDetail.aspx?LectureMasterID=7742894,신규
홈플러스 광양점,[유아] 베이킹,"[몽블랑제] ★인기★ 9/20(일) 생크림 케이크 만들기 (4세이상,보호자 1인)",아띠제,2020-09-20,13:30,14:20,일요일,"1,000원",1회,대기신청,http://school.homeplus.co.kr/Lecture/SearchLectureDetail.aspx?LectureMasterID=7731273,신규
홈플러스 광양점,[유아] 교원,"[교원 스마트 체험교실] 8/22(토) 날씨와 태풍 (5~7세,B) ★추천★",김영선,2020-08-22,11:10,11:50,토요일,"2,000원",1회,접수가능,http://school.homeplus.co.kr/Lecture/SearchLectureDetail.aspx?LectureMasterID=7740833,신규
홈플러스 광양점,[유아] 교원,"[교원 스마트 체험교실] 10/31(토) 문화유산 자격루 (5~7세,B) ★추천★",김영선,2020-10-31,11:10,11:50,토요일,"2,000원",1회,접수가능,http://school.homeplus.co.kr/Lecture/SearchLectureDetail.aspx?LectureMasterID=7741355,신규
홈플러스 광양점,[유아] 교원,"[교원 스마트 체험교실] 10/17(토) 신비한 해저 탐험 (5~7세,A) ★추천★",김영선,2020-10-17,10:20,11:00,토요일,"2,000원",1회,접수가능,http://school.homeplus.co.kr/Lecture/SearchLectureDetail.aspx?LectureMasterID=7740997,신규
홈플러스 광양점,[유아] 교원,"[교원 스마트 체험교실] 10/17(토) 신비한 해저 탐험 (5~7세,B) ★추천★",김영선,2020-10-17,11:10,11:50,토요일,"2,000원",1회,접수가능,http://school.homeplus.co.kr/Lecture/SearchLectureDetail.aspx?LectureMasterID=7741339,신규
홈플러스 광양점,[유아] 교원,"[교원 스마트 체험교실] 9/12(토) VR공룡탐험 (5~7세,B) ★추천★",김영선,2020-09-12,11:10,11:50,토요일,"2,000원",1회,접수가능,http://school.homeplus.co.kr/Lecture/SearchLectureDetail.aspx?LectureMasterID=7741332,신규
홈플러스 광양점,[유아] 웅진씽크빅,"[웅진씽크빅,창의 직업 깨치기] 10/24(토) 콜럼버스처럼 세상을 누비는 탐험가! (4-5세)",박선희,2020-10-24,10:20,11:00,토요일,"2,000원",1회,접수가능,http://school.homeplus.co.kr/Lecture/SearchLectureDetail.aspx?LectureMasterID=7740821,신규
홈플러스 광양점,[유아] 웅진씽크빅,"[웅진씽크빅,창의 직업 깨치기] 9/19(토) 가우디처럼 멋진 건축가가 될꺼야! (4-5세)",박선희,2020-09-19,10:20,11:00,토요일,"2,000원",1회,접수가능,http://school.homeplus.co.kr/Lecture/SearchLectureDetail.aspx?LectureMasterID=7740800,신규
홈플러스 광양점,[유아] 유아체육,[굿프랜드] 스펀지 막대를 활용한 신체 활용놀이 (5-7세) 8/27(목) ,황동훈,2020-08-27,17:00,17:40,목요일,"5,000원",1회,접수가능,http://school.homeplus.co.kr/Lecture/SearchLectureDetail.aspx?LectureMasterID=7733793,신규
홈플러스 광양점,[유아] 창의교구,[올로 로보티즈] (5-6세)  10회,강봉성,2020-09-01,16:00,16:30,화요일,"60,000원",10회,접수가능,http://school.homeplus.co.kr/Lecture/SearchLectureDetail.aspx?LectureMasterID=7695658,신규
홈플러스 광양점,[유아] 교원,"[교원 스마트 체험교실] 10/31(토) 문화유산 자격루 (5~7세,A) ★추천★",김영선,2020-10-31,10:20,11:00,토요일,"2,000원",1회,접수가능,http://school.homeplus.co.kr/Lecture/SearchLectureDetail.aspx?LectureMasterID=7741009,신규
홈플러스 광양점,[유아] 동화놀이,"[아람북스,따듯한 감성동화와 키즈 쿠킹] 8/30(일) 똑똑한 사회씨 세사람 (4~6세) ★ 해당 도서 1권 증정★",김미정,2020-08-30,10:30,11:20,일요일,"10,000원",1회,접수가능,http://school.homeplus.co.kr/Lecture/SearchLectureDetail.aspx?LectureMasterID=7741393,신규
홈플러스 광양점,[유아] 교원,"[교원 스마트 체험교실] 9/12(토) VR공룡탐험 (5~7세,A) ★추천★",김영선,2020-09-12,10:20,11:00,토요일,"2,000원",1회,접수가능,http://school.homeplus.co.kr/Lecture/SearchLectureDetail.aspx?LectureMasterID=7740977,신규
홈플러스 광양점,[유아] 동화놀이,"[아람북스,따듯한 감성동화와 키즈 쿠킹] 9/6(일) 꼬꼬마 수학자 쿠키 한 마리 멸치 두 알 (4~6세) ★ 해당 도서 1권 증정★",김미정,2020-09-06,13:30,14:20,일요일,"10,000원",1회,접수가능,http://school.homeplus.co.kr/Lecture/SearchLectureDetail.aspx?LectureMasterID=7741699,신규
홈플러스 광양점,[유아] 웅진씽크빅,"[웅진씽크빅,창의 직업 깨치기] 8/29(토) 신기 방기 마술쇼 (4-7세)",박선희,2020-08-29,10:20,11:00,토요일,"2,000원",1회,접수가능,http://school.homeplus.co.kr/Lecture/SearchLectureDetail.aspx?LectureMasterID=7740753,신규
홈플러스 광양점,[유아] 웅진씽크빅,"[웅진씽크빅,창의 직업 깨치기] 9/26(토) 미래의 아인슈타인이 되자! 과학자 (4-5세)",박선희,2020-09-26,10:20,11:00,토요일,"2,000원",1회,접수가능,http://school.homeplus.co.kr/Lecture/SearchLectureDetail.aspx?LectureMasterID=7740809,신규
홈플러스 광양점,[유아] 아동요리,"[샘표 폰타나 쿠킹클래스] 9/20(일) 베이컨머쉬룸 크림파스타 (5세,엄마랑~누구나)",강영주,2020-09-20,11:00,11:40,일요일,"4,000원",1회,접수가능,http://school.homeplus.co.kr/Lecture/SearchLectureDetail.aspx?LectureMasterID=7743716,신규
홈플러스 광양점,[유아] 퍼포먼스미술,[퍼포먼스 미술 아이퍼니아트] 11/5(목) 우주로 떠나요 (5~7세) 혼자반,강봉성,2020-11-05,17:00,17:40,목요일,"5,000원",1회,접수가능,http://school.homeplus.co.kr/Lecture/SearchLectureDetail.aspx?LectureMasterID=7740160,신규
홈플러스 광양점,[유아] 책놀이탐험대,[키즈스콜레 밤비노루크] 10/20(화) 자동차 여행 (4-5세),김남희,2020-10-20,16:30,17:10,화요일,"2,000원",1회,접수가능,http://school.homeplus.co.kr/Lecture/SearchLectureDetail.aspx?LectureMasterID=7740519,신규
홈플러스 광양점,[유아] 퍼포먼스미술,[퍼포먼스 미술 아이퍼니아트] 9/10(목) 잡채를 만들어요 (5~7세) 혼자반,강봉성,2020-09-10,17:00,17:40,목요일,"5,000원",1회,접수가능,http://school.homeplus.co.kr/Lecture/SearchLectureDetail.aspx?LectureMasterID=7740117,신규
홈플러스 광양점,[유아] 책놀이탐험대,[키즈스콜레 밤비노루크] 9/22(화) 동물원 나들이 (4-5세),김남희,2020-09-22,16:30,17:10,화요일,"2,000원",1회,접수가능,http://school.homeplus.co.kr/Lecture/SearchLectureDetail.aspx?LectureMasterID=7740511,신규
홈플러스 광양점,[유아] 퍼포먼스미술,[퍼포먼스 미술 아이퍼니아트] 9/24(목) 노을진 하늘 (5~7세) 혼자반,강봉성,2020-09-24,17:00,17:40,목요일,"5,000원",1회,접수가능,http://school.homeplus.co.kr/Lecture/SearchLectureDetail.aspx?LectureMasterID=7740137,신규
홈플러스 광양점,[유아] 키즈쿠킹,{1DAY CLASS} 9/26(토) 온가족이 함께 조물조물 캐릭터 송편 (4세~7세) 엄마랑,강영주,2020-09-26,11:00,11:50,토요일,"5,000원",1회,접수가능,http://school.homeplus.co.kr/Lecture/SearchLectureDetail.aspx?LectureMasterID=7744837,신규
홈플러스 광양점,[유아] 퍼포먼스미술,[퍼포먼스 미술 아이퍼니아트] 8/27(목) 동물로 변신해요 (5~7세) 혼자반,강봉성,2020-08-27,17:00,17:40,목요일,"5,000원",1회,접수가능,http://school.homeplus.co.kr/Lecture/SearchLectureDetail.aspx?LectureMasterID=7740108,신규
홈플러스 광양점,[유아] 창의미술,[토요 홍선생 창의 아트] 8/29(토) 나만의 우산 꾸미기 (5~7세),김엔다,2020-08-29,12:10,13:00,토요일,"5,000원",1회,접수가능,http://school.homeplus.co.kr/Lecture/SearchLectureDetail.aspx?LectureMasterID=7743536,신규
홈플러스 광양점,[유아] 퍼포먼스미술,[퍼포먼스 미술 아이퍼니아트] ★개강확정★8/20(목) 바다여행을 떠나요 (5~7세) 혼자반,강봉성,2020-08-20,17:00,17:40,목요일,"5,000원",1회,방문상담,http://school.homeplus.co.kr/Lecture/SearchLectureDetail.aspx?LectureMasterID=7737814,신규
홈플러스 광양점,[유아] 트윈클발레,[트윈클 발레] 알록 달록 무지개 (5-6세) 8/28(금) ,정유리,2020-08-28,16:30,17:00,금요일,"3,000원",1회,접수가능,http://school.homeplus.co.kr/Lecture/SearchLectureDetail.aspx?LectureMasterID=7734170,신규
홈플러스 광양점,[유아] 베이킹,"{1DAY CLASS} 10/4(일) 귀염 뿜뿜! 보노보노 케이크 (4세이상,엄마랑)",박선효,2020-10-04,11:00,11:40,일요일,"15,000원",1회,접수가능,http://school.homeplus.co.kr/Lecture/SearchLectureDetail.aspx?LectureMasterID=7743228,신규
홈플러스 광양점,[유아] 행복한미술놀이터,"[행복 미술놀이터] 높이 높이 날아요. (5-7세,혼자) 8/26(수) ",김길미,2020-08-26,16:20,17:00,수요일,"5,000원",1회,접수가능,http://school.homeplus.co.kr/Lecture/SearchLectureDetail.aspx?LectureMasterID=7733992,신규
홈플러스 광양점,[유아] 키즈쿠킹,{1DAY CLASS} 10/10(토) 우리 가족 얼굴 피자 만들기 ,강영주,2020-10-10,11:00,11:50,토요일,"7,000원",1회,접수가능,http://school.homeplus.co.kr/Lecture/SearchLectureDetail.aspx?LectureMasterID=7743273,신규
홈플러스 광양점,[유아] 퍼포먼스미술,[퍼포먼스 미술 아이퍼니아트] 10/15(목) 화가가 되어보아요 (5~7세) 혼자반,강봉성,2020-10-15,17:00,17:40,목요일,"5,000원",1회,접수가능,http://school.homeplus.co.kr/Lecture/SearchLectureDetail.aspx?LectureMasterID=7740146,신규
홈플러스 광양점,[유아] 창의미술,[토요 홍선생 창의 아트] 9/26(토) 나만의 가방 꾸미기 (5-7세),김엔다,2020-09-26,12:10,13:00,토요일,"5,000원",1회,접수가능,http://school.homeplus.co.kr/Lecture/SearchLectureDetail.aspx?LectureMasterID=7743554,신규
홈플러스 광양점,[유아] 퍼포먼스미술,[퍼포먼스 미술 아이퍼니아트] 10/29(목) 짹짹짹 참새 (5~7세) 혼자반,강봉성,2020-10-29,17:00,17:40,목요일,"5,000원",1회,접수가능,http://school.homeplus.co.kr/Lecture/SearchLectureDetail.aspx?LectureMasterID=7740152,신규
홈플러스 광양점,[유아] 베이킹,"{1DAY CLASS} 9/6(일) 러블리~ 헬로키티 케이크 (4세이상,엄마랑)",박선효,2020-09-06,11:00,11:40,일요일,"15,000원",1회,접수가능,http://school.homeplus.co.kr/Lecture/SearchLectureDetail.aspx?LectureMasterID=7743215,신규
홈플러스 광양점,[초등] 데생/수채화,"토요 홍선생 5세~초등, 데생&수채화  ",김엔다,2020-09-05,11:10,12:00,토요일,"90,000원",12회,접수가능,http://school.homeplus.co.kr/Lecture/SearchLectureDetail.aspx?LectureMasterID=7709211,신규
홈플러스 광양점,[유아] 창의미술,"토요 홍선생 창의아트 (5~7세, B) ",김엔다,2020-09-05,12:10,13:00,토요일,"90,000원",12회,접수가능,http://school.homeplus.co.kr/Lecture/SearchLectureDetail.aspx?LectureMasterID=7709487,신규
홈플러스 광양점,[유아] 창의미술,"토요 홍선생 창의아트 (5~7세, A) ◆개강 확정◆",김엔다,2020-09-05,10:10,11:00,토요일,"90,000원",12회,접수가능,http://school.homeplus.co.kr/Lecture/SearchLectureDetail.aspx?LectureMasterID=7709210,신규
홈플러스 광양점,[유아] 퍼포먼스요리,"맛을 그리는 요리놀이터 (6회) 1차 (5-7세,보호자 1인)",차나라,2020-09-02,16:30,17:20,수요일,"60,000원",6회,접수가능,http://school.homeplus.co.kr/Lecture/SearchLectureDetail.aspx?LectureMasterID=7695654,신규
홈플러스 광양점,[유아] 동화놀이,"동화 퍼포먼스 놀이 토리토리 (6회) 4세,혼자반 ",박천희,2020-09-10,16:30,17:10,목요일,"30,000원",6회,접수가능,http://school.homeplus.co.kr/Lecture/SearchLectureDetail.aspx?LectureMasterID=7695647,신규
홈플러스 광양점,[유아] 토탈공예,{AUTUMN festival} 9/26(토) 반짝반짝! LED 요술봉&칼 꾸미기 (4-7세),김잔듸,2020-09-26,13:00,15:00,토요일,"2,000원",1회,접수가능,http://school.homeplus.co.kr/Lecture/SearchLectureDetail.aspx?LectureMasterID=7743635,신규
홈플러스 광양점,[유아] 창의미술,화) 머리에 그리는 홍선생 창의아트 (4-5세) ,김엔다,2020-09-01,16:20,17:10,화요일,"90,000원",12회,접수가능,http://school.homeplus.co.kr/Lecture/SearchLectureDetail.aspx?LectureMasterID=7695650,신규
홈플러스 광양점,[유아] 행복한미술놀이터,"★추천★행복 퍼포먼스 미술놀이터 (5-7세, A)유아 혼자반 ※9/9개강 (10회)",김길미,2020-09-09,16:20,17:00,수요일,"80,000원",10회,접수가능,http://school.homeplus.co.kr/Lecture/SearchLectureDetail.aspx?LectureMasterID=7695652,신규
홈플러스 광양점,[유아] 유아체육,굿프랜드 유아 스포츠 클럽 (목) 5~7세 (10회),황동훈,2020-09-03,17:00,17:40,목요일,"100,000원",10회,접수가능,http://school.homeplus.co.kr/Lecture/SearchLectureDetail.aspx?LectureMasterID=7695644,신규
홈플러스 광양점,[유아] 행복한미술놀이터,"★추천★행복 퍼포먼스 미술놀이터 (5-7세, B)유아 혼자반 ※9/9개강 (10회)",김길미,2020-09-09,17:20,18:00,수요일,"80,000원",10회,접수가능,http://school.homeplus.co.kr/Lecture/SearchLectureDetail.aspx?LectureMasterID=7698733,신규
홈플러스 광양점,[유아] 퍼포먼스요리,"맛을 그리는 요리놀이터 (6회) 2차 (5-7세,보호자 1인) ",차나라,2020-10-21,16:30,17:20,수요일,"60,000원",6회,접수가능,http://school.homeplus.co.kr/Lecture/SearchLectureDetail.aspx?LectureMasterID=7695655,신규
홈플러스 광양점,[영아] 트니트니,8월) 토요 트니트니 키즈챔프 25~55개월 ,김태양,2020-08-01,11:50,12:30,토요일,"40,000원",4회,방문상담,http://school.homeplus.co.kr/Lecture/SearchLectureDetail.aspx?LectureMasterID=7688914,신규
홈플러스 광양점,[영아] 트니트니,[토요 트니트니 키즈챔프] 37~55개월 ,김태양,2020-09-05,12:40,13:20,토요일,"120,000원",12회,접수가능,http://school.homeplus.co.kr/Lecture/SearchLectureDetail.aspx?LectureMasterID=7694385,신규
홈플러스 순천풍덕점,[유아] 직업/진로,1일) 웅진 씽크빅 창의 직업 깨치기 4~6세 9/18 과학자,김선미,2020-09-18,16:20,17:00,금요일,"2,000원",1회,접수가능,http://school.homeplus.co.kr/Lecture/SearchLectureDetail.aspx?LectureMasterID=7752102,신규
홈플러스 순천풍덕점,[유아] 토탈공예,1일) 주말특강  8/29 우리집 클레이 액자,김수지,2020-08-29,11:30,13:00,토요일,"2,000원",1회,접수가능,http://school.homeplus.co.kr/Lecture/SearchLectureDetail.aspx?LectureMasterID=7748717,신규
홈플러스 순천풍덕점,[유아] 토탈공예,1일) 주말 키즈특강  9/26 물로 만드는 신기한 '아쿠아 비즈',안진숙,2020-09-12,11:00,13:00,토요일,"1,000원",1회,접수가능,http://school.homeplus.co.kr/Lecture/SearchLectureDetail.aspx?LectureMasterID=7748854,신규
홈플러스 순천풍덕점,[유아] 문화가있는날,1일) 아이퍼니아트  10/28 짹짹짹 참새를 표현해요 (5~7세),강봉성,2020-10-28,17:00,17:40,수요일,"2,500원",1회,접수가능,http://school.homeplus.co.kr/Lecture/SearchLectureDetail.aspx?LectureMasterID=7750847,신규
홈플러스 순천풍덕점,[유아] 직업/진로,1일) 웅진 씽크빅 창의 직업 깨치기 4~6세 10/10 탐험가 (토),김선미,2020-10-10,11:20,12:00,토요일,"2,000원",1회,접수가능,http://school.homeplus.co.kr/Lecture/SearchLectureDetail.aspx?LectureMasterID=7752114,신규
홈플러스 순천풍덕점,[유아] 토탈공예,"1일) 주말특강  8/22 전단에 없는 스피드 로비 특강 '바람개비'만들기(1,000원)",김수지,2020-08-22,11:00,12:30,토요일,"1,000원",1회,접수가능,http://school.homeplus.co.kr/Lecture/SearchLectureDetail.aspx?LectureMasterID=7762396,신규
홈플러스 순천풍덕점,[유아] 토탈공예,1일) 주말특강 5세이상 9/19 스칸디아모스 액자만들기,김수지,2020-09-19,11:30,13:00,토요일,"3,000원",1회,접수가능,http://school.homeplus.co.kr/Lecture/SearchLectureDetail.aspx?LectureMasterID=7748489,신규
홈플러스 순천풍덕점,[유아] 문화가있는날,1일) 아이퍼니아트  10/28 짹짹짹 참새를 표현해요 (4~5세),강봉성,2020-10-28,16:15,16:55,수요일,"2,500원",1회,접수가능,http://school.homeplus.co.kr/Lecture/SearchLectureDetail.aspx?LectureMasterID=7750836,신규
홈플러스 순천풍덕점,[유아] 토탈공예,"1일) 주말 키즈특강  9/12 캐릭터 지니비즈 비누 (5세이상, 수시진행)※선착순 재료비 무료",안진숙,2020-09-12,12:30,14:00,토요일,"2,000원",1회,접수가능,http://school.homeplus.co.kr/Lecture/SearchLectureDetail.aspx?LectureMasterID=7748770,신규
홈플러스 순천풍덕점,[유아] 하오하오요가,1일) 키즈 체형교정요가  9/23 커플요가 '골반교정' ※ 접수시 2인 수강신청 필수,신진희,2020-09-23,16:20,17:00,수요일,"10,000원",1회,접수가능,http://school.homeplus.co.kr/Lecture/SearchLectureDetail.aspx?LectureMasterID=7759484,신규
홈플러스 순천풍덕점,[유아] 조형/만들기,1일) 천연 모기퇴치  8/29 천연스프레이&천연버물리만들기 ※선착순 재료비 무료,이상미,2020-08-29,11:30,13:00,토요일,"3,000원",1회,접수가능,http://school.homeplus.co.kr/Lecture/SearchLectureDetail.aspx?LectureMasterID=7758363,신규
홈플러스 순천풍덕점,[유아] 아동요리,1일) 키즈쿠킹  10/17 달콤한 고구마의 변신「떠먹는 고구마 케이크」(5세~초등),김학,2020-10-17,13:00,13:40,토요일,"8,000원",1회,접수가능,http://school.homeplus.co.kr/Lecture/SearchLectureDetail.aspx?LectureMasterID=7746543,신규
홈플러스 순천풍덕점,[유아] 베이킹,"1일) 키즈쿠킹클래스  8/29 귀염뽀짝! 아이싱쿠키 만들기 (5세이상, 11:30~13:00)",김화경,2020-08-29,11:30,12:00,토요일,"3,000원",1회,접수가능,http://school.homeplus.co.kr/Lecture/SearchLectureDetail.aspx?LectureMasterID=7752700,신규
홈플러스 순천풍덕점,[유아] 퍼포먼스미술,"1일) 퍼포먼스 미술, 아이퍼니아트 5~7세 9/23 노을진 하늘",강봉성,2020-09-23,17:00,17:40,수요일,"5,000원",1회,접수가능,http://school.homeplus.co.kr/Lecture/SearchLectureDetail.aspx?LectureMasterID=7757961,신규
홈플러스 순천풍덕점,[유아] 아동요리,1일) 키즈쿠킹  10/10 상큼한 요거트 소스「요거트 타코」(5세~초등),김학,2020-10-10,13:00,13:40,토요일,"8,000원",1회,접수가능,http://school.homeplus.co.kr/Lecture/SearchLectureDetail.aspx?LectureMasterID=7746532,신규
홈플러스 순천풍덕점,[유아] 아동요리,1일) 폰타나 쿠킹클레스  9/20 베이컨 머쉬룸 크림 파스타 (4세~초등+보호자 1인),강영주,2020-09-20,13:00,13:40,일요일,"4,000원",1회,접수가능,http://school.homeplus.co.kr/Lecture/SearchLectureDetail.aspx?LectureMasterID=7755253,신규
홈플러스 순천풍덕점,[유아] 토탈공예,1일) 토요특강  8/22 반짝반짝 보석십자수 헤어빗 만들기 (수시진행) ★마감,김이숙,2020-08-22,11:30,13:00,토요일,"3,000원",1회,대기신청,http://school.homeplus.co.kr/Lecture/SearchLectureDetail.aspx?LectureMasterID=7749146,신규
홈플러스 순천풍덕점,[유아] 아동요리,1일) 키즈쿠킹  8/29 바삭 치킨과 아삭 채소의 만남「치킨샐러드」(5세~초등),김학,2020-08-29,13:00,13:40,토요일,"8,000원",1회,접수가능,http://school.homeplus.co.kr/Lecture/SearchLectureDetail.aspx?LectureMasterID=7746495,신규
홈플러스 순천풍덕점,[유아] 퍼포먼스미술,"1일) 퍼포먼스 미술, 아이퍼니아트 5~7세 10/28 짹짹 참새",강봉성,2020-10-28,17:00,17:40,수요일,"5,000원",1회,접수가능,http://school.homeplus.co.kr/Lecture/SearchLectureDetail.aspx?LectureMasterID=7757965,신규
홈플러스 순천풍덕점,[유아] 아동요리,1일) 키즈쿠킹  9/19 쌀 바게트를 이용한「반미 샌드위치」(5세~초등),김학,2020-09-19,13:00,13:40,토요일,"8,000원",1회,접수가능,http://school.homeplus.co.kr/Lecture/SearchLectureDetail.aspx?LectureMasterID=7746513,신규
홈플러스 순천풍덕점,[유아] 퍼포먼스미술,"1일) 퍼포먼스 미술, 아이퍼니아트 5~7세 10/14 화가가 되어 보아요",강봉성,2020-10-14,17:00,17:40,수요일,"5,000원",1회,접수가능,http://school.homeplus.co.kr/Lecture/SearchLectureDetail.aspx?LectureMasterID=7757962,신규
홈플러스 순천풍덕점,[유아] 아동요리,1일) 키즈쿠킹  9/12 핫도그 빵 속의 비밀「시카고 핫도그」(5세~초등),김학,2020-09-12,13:00,13:40,토요일,"8,000원",1회,접수가능,http://school.homeplus.co.kr/Lecture/SearchLectureDetail.aspx?LectureMasterID=7746506,신규
홈플러스 순천풍덕점,[유아] 아동요리,1일) 키즈쿠킹  9/26 삼색 토핑을 곁들어요「토핑 유부초밥」(5세~초등),김학,2020-09-26,13:00,13:40,토요일,"8,000원",1회,접수가능,http://school.homeplus.co.kr/Lecture/SearchLectureDetail.aspx?LectureMasterID=7746525,신규
홈플러스 순천풍덕점,[유아] 아동요리,1일)동화랑 키즈쿠킹 [아람북스] 5세~초등 9/19 세사람 책읽고 유부초밥 만들기,김학,2020-09-19,11:00,11:50,토요일,"8,000원",1회,접수가능,http://school.homeplus.co.kr/Lecture/SearchLectureDetail.aspx?LectureMasterID=7754800,신규
홈플러스 순천풍덕점,[유아] 토탈공예,"1일) 토요특강  8/22 반짝반짝 보석십자수 헤어빗 (재료비 3,000원)",김이숙,2020-08-22,11:30,13:00,토요일,"2,000원",1회,접수가능,http://school.homeplus.co.kr/Lecture/SearchLectureDetail.aspx?LectureMasterID=7762137,신규
홈플러스 순천풍덕점,[유아] 퍼포먼스미술,"1일) 퍼포먼스 미술, 아이퍼니아트 5~7세 9/9 잡채를 만들어요",강봉성,2020-09-09,17:00,17:40,수요일,"5,000원",1회,접수가능,http://school.homeplus.co.kr/Lecture/SearchLectureDetail.aspx?LectureMasterID=7757955,신규
홈플러스 순천풍덕점,[유아] 아동요리,1일)동화랑 키즈쿠킹 [아람북스] 5세~초등 10/31 쿠키 한 마리 멸치 두 알 책읽고 치즈멸치주먹밥 만들기,김학,2020-10-31,11:00,11:50,토요일,"8,000원",1회,접수가능,http://school.homeplus.co.kr/Lecture/SearchLectureDetail.aspx?LectureMasterID=7754878,신규
홈플러스 순천풍덕점,[유아] 아동요리,Stella쿡쌤과 요술쟁이 키즈쿠킹  2차 개강일 10/17,김학,2020-10-17,13:00,13:40,토요일,"25,000원",5회,접수가능,http://school.homeplus.co.kr/Lecture/SearchLectureDetail.aspx?LectureMasterID=7758145,신규
홈플러스 순천풍덕점,[유아] 경제교실,KB 미래의 경제리더 프로젝트  8/29 어린이 체험형 경제교육 '나는 경제왕',KB금융공익재단,2020-08-29,14:00,15:00,토요일,"2,000원",1회,접수가능,http://school.homeplus.co.kr/Lecture/SearchLectureDetail.aspx?LectureMasterID=7752705,신규
홈플러스 순천풍덕점,[유아] 보드게임,Play & Joy 보드게임(유아)  (4~5세),김건수,2020-09-05,14:10,14:50,토요일,"64,200원",11회,접수가능,http://school.homeplus.co.kr/Lecture/SearchLectureDetail.aspx?LectureMasterID=7744686,신규
홈플러스 순천풍덕점,[유아] 보드게임,3인1팀! 온가족 플레이 보드게임  2차,김건수,2020-10-10,13:10,13:50,토요일,"37,500원",4회,접수가능,http://school.homeplus.co.kr/Lecture/SearchLectureDetail.aspx?LectureMasterID=7744713,신규
홈플러스 순천풍덕점,[유아] 경제교실,KB 미래의 경제리더 프로젝트  9/26 어린이 체험형 경제교육 '용돈 관리왕',KB금융공익재단,2020-09-26,11:00,12:00,토요일,"2,000원",1회,접수가능,http://school.homeplus.co.kr/Lecture/SearchLectureDetail.aspx?LectureMasterID=7752707,신규
홈플러스 순천풍덕점,[유아] 보드게임,3인1팀! 온가족 플레이 보드게임  1차,김건수,2020-09-05,13:10,13:50,토요일,"37,500원",4회,접수가능,http://school.homeplus.co.kr/Lecture/SearchLectureDetail.aspx?LectureMasterID=7744704,신규
홈플러스 순천풍덕점,[유아] 종이접기,"IQ쑥쑥,EQ쑥쑥 종이접기(5~7세)  ♥인기♥",신혜경,2020-09-05,11:00,11:50,토요일,"64,200원",11회,접수가능,http://school.homeplus.co.kr/Lecture/SearchLectureDetail.aspx?LectureMasterID=7744013,신규
홈플러스 순천풍덕점,[유아] 토탈공예,[엔비베베]  9/5 매니큐어만들기+악세서리(비즈 팔찌&반지)만들기,윤주희,2020-09-05,13:00,13:40,토요일,"2,000원",1회,접수가능,http://school.homeplus.co.kr/Lecture/SearchLectureDetail.aspx?LectureMasterID=7752737,신규
홈플러스 순천풍덕점,[유아] 아동요리,Stella쿡쌤과 요술쟁이 키즈쿠킹  1차 개강일 9/5,김학,2020-09-05,13:00,13:40,토요일,"25,000원",5회,접수가능,http://school.homeplus.co.kr/Lecture/SearchLectureDetail.aspx?LectureMasterID=7758143,신규
홈플러스 순천풍덕점,[유아] 밸리댄스,"꼬꼬마 배꼽춤 키즈밸리  목 (5세~초등, 초중급)",최유리,2020-09-03,16:20,17:00,목요일,"64,200원",11회,접수가능,http://school.homeplus.co.kr/Lecture/SearchLectureDetail.aspx?LectureMasterID=7709149,신규
홈플러스 순천풍덕점,[유아] 아동요리,"1일)먹는 재미!보는 재미!  9/12 화분컵케이크 (5세이상, 수시진행) ※선착순 재료비 무료",김수지,2020-09-12,11:00,13:00,토요일,"3,000원",1회,접수가능,http://school.homeplus.co.kr/Lecture/SearchLectureDetail.aspx?LectureMasterID=7758369,신규
홈플러스 순천풍덕점,[유아] 토탈공예,[엔비베베]  9/5 뷰티살롱 체험(네일시술) ※소요시간 10~15분,윤주희,2020-09-05,11:00,13:00,토요일,"2,000원",1회,접수가능,http://school.homeplus.co.kr/Lecture/SearchLectureDetail.aspx?LectureMasterID=7758388,신규
홈플러스 순천풍덕점,[유아] 밸리댄스,"꼬꼬마 배꼽춤 키즈밸리  목 (5세~초등, 중고급)",최유리,2020-09-03,17:10,17:50,목요일,"73,400원",11회,접수가능,http://school.homeplus.co.kr/Lecture/SearchLectureDetail.aspx?LectureMasterID=7709148,신규
홈플러스 순천풍덕점,[유아] 토탈공예,[엔비베베]  9/5 헤어악세서리(헤어핀 or 머리띠 택1) ※소요시간 10~15분,윤주희,2020-09-05,11:00,13:00,토요일,"2,000원",1회,접수가능,http://school.homeplus.co.kr/Lecture/SearchLectureDetail.aspx?LectureMasterID=7759891,신규
홈플러스 순천풍덕점,[유아] 창의미술,머리에 그리는 아트 ! 홍선생미술  B (5~7세) 1시타임,장수경,2020-09-05,13:00,13:50,토요일,"90,000원",11회,접수가능,http://school.homeplus.co.kr/Lecture/SearchLectureDetail.aspx?LectureMasterID=7744731,신규
홈플러스 순천풍덕점,[유아] 창의미술,머리에 그리는 아트 ! 홍선생미술  A (5~7세) 12시타임,장수경,2020-09-05,12:00,12:50,토요일,"90,000원",11회,접수가능,http://school.homeplus.co.kr/Lecture/SearchLectureDetail.aspx?LectureMasterID=7744730,신규
홈플러스 순천풍덕점,[유아] 현장학습,원어민선생님과 광주국제영어마을 체험 (A)  9/19 Sport Mini-Olympic (5~7세),김종헌,2020-09-19,13:00,17:00,토요일,"43,000원",1회,접수가능,http://school.homeplus.co.kr/Lecture/SearchLectureDetail.aspx?LectureMasterID=7758405,신규
홈플러스 순천풍덕점,[유아] 태룬파이브키크레이,"태룬파이브 유아스포츠 키크레이  (4~5세)★30%할인 + 10,000원 추가 할인★ 개강일 9/8",노은지,2020-09-08,16:30,17:10,화요일,"77,000원",11회,접수가능,http://school.homeplus.co.kr/Lecture/SearchLectureDetail.aspx?LectureMasterID=7762167,신규
홈플러스 순천풍덕점,[유아] 칼라믹스/클레이,알록달록 색깔놀이! 키즈클레이  1차,안진숙,2020-09-08,17:00,17:40,화요일,"30,000원",6회,접수가능,http://school.homeplus.co.kr/Lecture/SearchLectureDetail.aspx?LectureMasterID=7744895,신규
홈플러스 순천풍덕점,[유아] 하오하오요가,짝꿍 체형교정 요가 & 마사지 5세이상+보호자 1인 우리 아이와 함께 (2인접수 必),신진희,2020-09-02,16:20,17:00,수요일,"56,000원",12회,접수가능,http://school.homeplus.co.kr/Lecture/SearchLectureDetail.aspx?LectureMasterID=7742960,신규
홈플러스 순천풍덕점,[유아] 칼라믹스/클레이,알록달록 색깔놀이! 키즈클레이  2차,안진숙,2020-10-20,17:00,17:40,화요일,"30,000원",6회,접수가능,http://school.homeplus.co.kr/Lecture/SearchLectureDetail.aspx?LectureMasterID=7744980,신규
홈플러스 순천풍덕점,[유아] 태룬파이브키크레이,특강) 태룬파이브 키크레이 율동체조  4~7세 5팀이상 무조건 개강! (8/25),노은지,2020-08-25,16:30,17:10,화요일,"2,000원",1회,접수가능,http://school.homeplus.co.kr/Lecture/SearchLectureDetail.aspx?LectureMasterID=7759667,신규
홈플러스 순천점,[영아] 트니트니,[수]수요트니트니 30~55개월 ★지니쌤과 어린이집 다녀와서 엄마랑※9/2개강,김승원,2020-09-02,16:40,17:20,수요일,"120,000원",12회,접수가능,http://school.homeplus.co.kr/Lecture/SearchLectureDetail.aspx?LectureMasterID=7700200,신규
홈플러스 순천점,[영아] 퍼포먼스미술,[월]퍼포먼스 행복미술놀이(영아) 24~55개월 (10회) ※9/14개강,김길미,2020-09-14,16:10,16:50,월요일,"80,000원",10회,접수가능,http://school.homeplus.co.kr/Lecture/SearchLectureDetail.aspx?LectureMasterID=7700187,신규
홈플러스 순천점,[영아] 행복한미술놀이터,[행복 미술]영아 1일 24~55개월 8/24(월)반고흐의 해바라기,김길미,2020-08-24,16:10,16:50,월요일,"2,000원",1회,접수가능,http://school.homeplus.co.kr/Lecture/SearchLectureDetail.aspx?LectureMasterID=7709263,신규
홈플러스 순천점,[영아] 트니트니,[토]토요트니트니 37~55개월 ★가제트쌤과 함께해요★9/5개강,장정호,2020-09-05,12:30,13:10,토요일,"120,000원",12회,접수가능,http://school.homeplus.co.kr/Lecture/SearchLectureDetail.aspx?LectureMasterID=7700508,신규
홈플러스 순천점,[유아] 매직아트,"★1,000★신디매직-매직벌룬쇼&해리의 마법교실 (24개월~성인) 9/19(토)★부모,자녀 각각신청★",신동용,2020-09-19,17:20,18:00,토요일,"1,000원",1회,접수가능,http://school.homeplus.co.kr/Lecture/SearchLectureDetail.aspx?LectureMasterID=7716743,신규
홈플러스 순천점,[영아] 행복한미술놀이터,[행복 미술]영아 1일 24~55개월 8/31(월)날아라 로켓친구,김길미,2020-08-31,16:10,16:50,월요일,"2,000원",1회,접수가능,http://school.homeplus.co.kr/Lecture/SearchLectureDetail.aspx?LectureMasterID=7707297,신규
홈플러스 순천점,[유아] 보드게임,Play&Joy Education보드게임(유아) 5~7세 (토)14시10분(10회)※9/5개강,김건수,2020-09-05,14:10,14:50,토요일,"58,400원",10회,접수가능,http://school.homeplus.co.kr/Lecture/SearchLectureDetail.aspx?LectureMasterID=7700043,신규
홈플러스 순천점,[성인] 자세교정운동,9/22(화)19시 어린이부터~성인 바른자세교정  ※1인기준입니다※,정미란,2020-09-22,19:00,19:50,화요일,"2,000원",1회,접수가능,http://school.homeplus.co.kr/Lecture/SearchLectureDetail.aspx?LectureMasterID=7737819,신규
홈플러스 순천점,[유아] 보드게임,Play&Joy Education보드게임(유아) 5~6세 (목)17시※9/3개강,김건수,2020-09-03,17:00,17:40,목요일,"70,000원",12회,접수가능,http://school.homeplus.co.kr/Lecture/SearchLectureDetail.aspx?LectureMasterID=7699958,신규
홈플러스 순천점,[유아] 키즈쿠킹,[김학쌤과 키즈쿠킹] 1일  9/19(토) 쌀바게트 반미 샌드위치,김학,2020-09-19,17:30,18:10,토요일,"6,000원",1회,접수가능,http://school.homeplus.co.kr/Lecture/SearchLectureDetail.aspx?LectureMasterID=7701058,신규
홈플러스 순천점,[유아] 보드게임,Play&Joy Education보드게임(유아) 5~7세 (일)6회※9/6개강,김건수,2020-09-06,14:10,14:50,일요일,"35,000원",6회,접수가능,http://school.homeplus.co.kr/Lecture/SearchLectureDetail.aspx?LectureMasterID=7700764,신규
홈플러스 순천점,[초등] 인기가요댄스,+8월)K-pop방송댄스 (5세이상~전연령층) 15시,이수진,2020-08-01,15:00,15:40,토요일,"20,000원",4회,방문상담,http://school.homeplus.co.kr/Lecture/SearchLectureDetail.aspx?LectureMasterID=7713895,신규
홈플러스 순천점,[유아] 보드게임,"Play&Joy Education보드게임(유아) (4세, 브릿지반) (일)6회※9/6개강",김건수,2020-09-06,15:00,15:40,일요일,"35,000원",6회,접수가능,http://school.homeplus.co.kr/Lecture/SearchLectureDetail.aspx?LectureMasterID=7700765,신규
홈플러스 순천점,[유아] 보드게임,"Play&Joy Education보드게임(유아) 4세,브릿지반 (목)16시10분※9/3개강",김건수,2020-09-03,16:10,16:50,목요일,"70,000원",12회,접수가능,http://school.homeplus.co.kr/Lecture/SearchLectureDetail.aspx?LectureMasterID=7699957,신규
홈플러스 순천점,[유아] 문화가있는날,"[문화가있는날] 1일 4세이상, 엄마랑 8/26(수) 두부 치킨강정",강영주,2020-08-26,16:20,17:40,수요일,"9,000원",1회,접수가능,http://school.homeplus.co.kr/Lecture/SearchLectureDetail.aspx?LectureMasterID=7757466,신규
홈플러스 순천점,[유아] 창의미술,[숲동화 토리]1일 (4~6세) 11/7(토) 뽀글뽀글 치카치카 해요,박천희,2020-11-07,10:05,10:45,토요일,"5,000원",1회,접수가능,http://school.homeplus.co.kr/Lecture/SearchLectureDetail.aspx?LectureMasterID=7711898,신규
홈플러스 순천점,[유아] 키즈쿠킹,[김학쌤과 키즈쿠킹] 1일 5세~초등 8/29(토) 치킨 샐러드,김학,2020-08-29,17:30,18:10,토요일,"7,000원",1회,접수가능,http://school.homeplus.co.kr/Lecture/SearchLectureDetail.aspx?LectureMasterID=7701044,신규
홈플러스 순천점,[유아] 종이접기,[수]생각이 자라는 북아트(유아) (5~7세) 17시※9/2개강,김미순,2020-09-02,17:00,17:40,수요일,"80,000원",12회,접수가능,http://school.homeplus.co.kr/Lecture/SearchLectureDetail.aspx?LectureMasterID=7695247,신규
홈플러스 순천점,[유아] 키즈쿠킹,[김학쌤과 키즈쿠킹] 1일 5세~초등 10/24(토) 크림치즈 오레오 케이크,김학,2020-10-24,17:30,18:10,토요일,"7,000원",1회,접수가능,http://school.homeplus.co.kr/Lecture/SearchLectureDetail.aspx?LectureMasterID=7701076,신규
홈플러스 순천점,[유아] 퍼포먼스미술,[아이퍼니아트]유아 1일 5~7세 10/6(화) 화가가 되어보아요,강봉성,2020-10-06,17:00,17:40,화요일,"5,000원",1회,접수가능,http://school.homeplus.co.kr/Lecture/SearchLectureDetail.aspx?LectureMasterID=7710818,신규
홈플러스 순천점,[유아] 키즈쿠킹,[손지수쌤과 키즈쿠킹]1일 4세이상 10/18(일)라이언 버거,손지수,2020-10-18,11:00,11:40,일요일,"9,000원",1회,접수가능,http://school.homeplus.co.kr/Lecture/SearchLectureDetail.aspx?LectureMasterID=7741252,신규
홈플러스 순천점,[유아] 트니트니,[수]수요트니짐 (TN짐) 4~7세 -램프의 요정 지니쌤과 함께※9/2개강,김승원,2020-09-02,17:30,18:10,수요일,"90,000원",12회,접수가능,http://school.homeplus.co.kr/Lecture/SearchLectureDetail.aspx?LectureMasterID=7700376,신규
홈플러스 순천점,[유아] 동화구연,[아람북스]동화1일 (5~7세) 10/17(토) 꼬꼬마 수학자 쿠키한마리 멸치두알,윤옥경,2020-10-17,10:10,10:50,토요일,"2,000원",1회,접수가능,http://school.homeplus.co.kr/Lecture/SearchLectureDetail.aspx?LectureMasterID=7727876,신규
홈플러스 순천점,[유아] 창의미술,[숲동화 토리]1일 (4~6세) 9/12(토) 콩나물 쌀 튀밥 소꿉놀이,박천희,2020-09-12,10:05,10:45,토요일,"5,000원",1회,접수가능,http://school.homeplus.co.kr/Lecture/SearchLectureDetail.aspx?LectureMasterID=7711815,신규
홈플러스 순천점,[유아] 창의미술,[숲동화 토리]1일 (4~6세) 10/24(토) 나뭇잎아 어디가?,박천희,2020-10-24,10:05,10:45,토요일,"5,000원",1회,접수가능,http://school.homeplus.co.kr/Lecture/SearchLectureDetail.aspx?LectureMasterID=7711893,신규
홈플러스 순천점,[유아] 키즈쿠킹,[손지수쌤과 키즈쿠킹]1일 4세이상 11/1(일) 미니 캐릭터 케이크,손지수,2020-11-01,11:00,11:40,일요일,"9,000원",1회,접수가능,http://school.homeplus.co.kr/Lecture/SearchLectureDetail.aspx?LectureMasterID=7742366,신규
홈플러스 순천점,[유아] 키즈쿠킹,[손지수쌤과 키즈쿠킹]1일 4세이상 9/6(일)강아지 사자 동물 주먹밥,손지수,2020-09-06,11:00,11:40,일요일,"9,000원",1회,접수가능,http://school.homeplus.co.kr/Lecture/SearchLectureDetail.aspx?LectureMasterID=7741225,신규
홈플러스 순천점,[유아] 문화가있는날,"[문화가있는날] 1일 4세이상, 엄마랑 10/28(수) 야채 미트볼 파스타",강영주,2020-10-28,18:20,19:10,수요일,"9,000원",1회,접수가능,http://school.homeplus.co.kr/Lecture/SearchLectureDetail.aspx?LectureMasterID=7757473,신규
홈플러스 순천점,[유아] 토탈공예,"[엔비베베] 1일 (4세이상, 수시진행) 9/26(토) 블링블링 네일아트",윤주희,2020-09-26,11:00,13:00,토요일,"1,000원",1회,접수가능,http://school.homeplus.co.kr/Lecture/SearchLectureDetail.aspx?LectureMasterID=7716642,신규
홈플러스 순천점,[유아] 퍼포먼스미술,[아이퍼니아트]유아 1일 5~7세 8/25(화) 동물로 변신해요,강봉성,2020-08-25,17:00,17:40,화요일,"5,000원",1회,접수가능,http://school.homeplus.co.kr/Lecture/SearchLectureDetail.aspx?LectureMasterID=7710678,신규
홈플러스 순천점,[유아] 퍼포먼스미술,[아이퍼니아트]유아 1일 5~7세 10/20(화) 짹짹짹 참새,강봉성,2020-10-20,17:00,17:40,화요일,"5,000원",1회,접수가능,http://school.homeplus.co.kr/Lecture/SearchLectureDetail.aspx?LectureMasterID=7710839,신규
홈플러스 순천점,[유아] 퍼포먼스미술,[아이퍼니아트]유아 1일 5~7세 9/8(화) 잡채를 만들어요,강봉성,2020-09-08,17:00,17:40,화요일,"5,000원",1회,접수가능,http://school.homeplus.co.kr/Lecture/SearchLectureDetail.aspx?LectureMasterID=7710788,신규
홈플러스 순천점,[유아] 웅진씽크빅,[웅진씽크빅] 유아 1일 4~5세 8/29(토) 신기방기 마술쇼쇼쇼,웅진씽크빅,2020-08-29,13:10,13:50,토요일,"2,000원",1회,접수가능,http://school.homeplus.co.kr/Lecture/SearchLectureDetail.aspx?LectureMasterID=7702394,신규
홈플러스 순천점,[유아] 퍼포먼스미술,[아이퍼니아트]유아 1일 5~7세 9/22(화) 노을 진 하늘,강봉성,2020-09-22,17:00,17:40,화요일,"5,000원",1회,접수가능,http://school.homeplus.co.kr/Lecture/SearchLectureDetail.aspx?LectureMasterID=7710802,신규
홈플러스 순천점,[유아] 웅진씽크빅,[웅진씽크빅] 유아 1일 5~7세 8/29(토) 신기방기 마술쇼쇼쇼,웅진씽크빅,2020-08-29,14:00,14:40,토요일,"2,000원",1회,접수가능,http://school.homeplus.co.kr/Lecture/SearchLectureDetail.aspx?LectureMasterID=7702390,신규
홈플러스 순천점,[유아] 퍼포먼스미술,[아이퍼니아트]유아 1일 5~7세 11/3(화) 우주로 떠나요,강봉성,2020-11-03,17:00,17:40,화요일,"5,000원",1회,접수가능,http://school.homeplus.co.kr/Lecture/SearchLectureDetail.aspx?LectureMasterID=7710851,신규
홈플러스 순천점,[유아] 웅진씽크빅,[웅진씽크빅]직업체험 -유아1일 (4~5세) 10/24(토)스토리북-과학자,웅진씽크빅,2020-10-24,13:10,13:50,토요일,"2,000원",1회,접수가능,http://school.homeplus.co.kr/Lecture/SearchLectureDetail.aspx?LectureMasterID=7760818,신규
홈플러스 순천점,[유아] 웅진씽크빅,[웅진씽크빅]직업체험 -유아1일 (5~6세) 10/24(토)스토리북-과학자,웅진씽크빅,2020-10-24,14:00,14:40,토요일,"2,000원",1회,접수가능,http://school.homeplus.co.kr/Lecture/SearchLectureDetail.aspx?LectureMasterID=7760822,신규
홈플러스 순천점,[초등] 종이접기,[월]IQ쑥쑥 EQ쑥쑥 종이접기 (5~8세) ※9/7개강,박지연,2020-09-07,17:00,17:50,월요일,"60,000원",12회,접수가능,http://school.homeplus.co.kr/Lecture/SearchLectureDetail.aspx?LectureMasterID=7695196,신규
홈플러스 순천점,[유아] 웅진씽크빅,[웅진씽크빅]직업체험 -유아1일 (4~5세) 9/19(토)스토리북-건축가,웅진씽크빅,2020-09-19,13:10,13:50,토요일,"2,000원",1회,접수가능,http://school.homeplus.co.kr/Lecture/SearchLectureDetail.aspx?LectureMasterID=7760816,신규
홈플러스 순천점,[초등] 보드게임,[온가족이 함께]보드게임 4회 (5세~ 성인) 카야낙 자석 얼음 낚시 게임(10월) ※10/16개강,김건수,2020-10-16,19:00,19:50,금요일,"12,500원",4회,접수가능,http://school.homeplus.co.kr/Lecture/SearchLectureDetail.aspx?LectureMasterID=7700806,신규
홈플러스 순천점,[초등] 보드게임,[온가족이 함께]보드게임 4회 (5세~ 성인) Go Cuckoo!뻐꾸기 둥지 만들기(9월) ※9/4개강,김건수,2020-09-04,19:00,19:50,금요일,"12,500원",4회,접수가능,http://school.homeplus.co.kr/Lecture/SearchLectureDetail.aspx?LectureMasterID=7700800,신규
홈플러스 순천점,[유아] 웅진씽크빅,[웅진씽크빅]직업체험 -유아1일 (4~5세) 9/19(토)스토리북-탐험가,웅진씽크빅,2020-09-19,14:00,14:40,토요일,"2,000원",1회,접수가능,http://school.homeplus.co.kr/Lecture/SearchLectureDetail.aspx?LectureMasterID=7760817,신규
홈플러스 순천점,[유아] 조형/만들기,"[체험놀이] 1일 (4세이상, 수시진행) ★재료비무료★9/5(토) 유칼립투스 미니 가랜드 만들기",김진희,2020-09-05,11:30,12:30,토요일,"1,000원",1회,접수가능,http://school.homeplus.co.kr/Lecture/SearchLectureDetail.aspx?LectureMasterID=7712112,신규
홈플러스 순천점,[유아] 행복한미술놀이터,[월]퍼포먼스 행복미술놀이(유아) 5~7세 (10회) ※9/14개강,김길미,2020-09-14,17:10,17:50,월요일,"80,000원",10회,접수가능,http://school.homeplus.co.kr/Lecture/SearchLectureDetail.aspx?LectureMasterID=7699859,신규
홈플러스 순천점,[유아] 키즈쿠킹,"[체험]1일 (4세이상, 수시진행) ★재료비무료★ 9/12(토) 알록달록 내 얼굴 쿠키 꾸미기",강현진,2020-09-12,11:00,13:00,토요일,"1,000원",1회,접수가능,http://school.homeplus.co.kr/Lecture/SearchLectureDetail.aspx?LectureMasterID=7712249,신규
홈플러스 순천점,[유아] 키즈쿠킹,"[체험]1일 (4세이상, 수시진행) ★재료비무료★9/26(토) 동글동글 마카롱 꾸미기c",강현진,2020-09-26,11:00,13:00,토요일,"1,000원",1회,접수가능,http://school.homeplus.co.kr/Lecture/SearchLectureDetail.aspx?LectureMasterID=7712200,신규
홈플러스 순천점,[유아] 조형/만들기,"[체험놀이] 1일 (4세이상, 수시진행) 9/19(토) 공기정화식물 스칸디아모스화분",김진희,2020-09-19,11:30,12:20,토요일,"2,000원",1회,접수가능,http://school.homeplus.co.kr/Lecture/SearchLectureDetail.aspx?LectureMasterID=7712050,신규
홈플러스 순천점,[유아] 키즈쿠킹,"[체험]1일 (4세이상, 수시진행) ★재료비무료★9/26(토) 동글동글 마카롱 꾸미기b",강현진,2020-09-26,11:00,13:00,토요일,"1,000원",1회,접수가능,http://school.homeplus.co.kr/Lecture/SearchLectureDetail.aspx?LectureMasterID=7712195,신규
홈플러스 순천점,[유아] 조형/만들기,"[체험놀이] 1일 4세이상, 수시진행 10/31(토) 할로윈 캐릭터 쿠키 꽃다발",김진희,2020-10-31,11:30,12:20,토요일,"4,000원",1회,접수가능,http://school.homeplus.co.kr/Lecture/SearchLectureDetail.aspx?LectureMasterID=7757108,신규
홈플러스 순천점,[유아] 종이접기,[일]종이접기 (5~7세) 16시30분(6회) ※9/6개강,이미향,2020-09-06,16:30,17:10,일요일,"35,000원",6회,접수가능,http://school.homeplus.co.kr/Lecture/SearchLectureDetail.aspx?LectureMasterID=7700709,신규
홈플러스 순천점,[유아] 조형/만들기,"[체험] 1일 (4세이상, 수시진행) ★재료비무료★ 9/12(토) 천연 휴대용 손소독젤",이상미,2020-09-12,11:00,12:00,토요일,"1,000원",1회,접수가능,http://school.homeplus.co.kr/Lecture/SearchLectureDetail.aspx?LectureMasterID=7712308,신규
홈플러스 순천점,[유아] 칼라믹스/클레이,[체험놀이]1일 5세~초등 10/31(토) 캐릭터 디폼블럭 무드등,안진숙,2020-10-31,13:00,13:40,토요일,"2,000원",1회,접수가능,http://school.homeplus.co.kr/Lecture/SearchLectureDetail.aspx?LectureMasterID=7725120,신규
홈플러스 순천점,[유아] 조형/만들기,"[체험놀이] 1일 4세이상, 수시진행 10/17(토) 레터링 미니 풍선꽃다발",김진희,2020-10-17,11:30,12:20,토요일,"2,000원",1회,접수가능,http://school.homeplus.co.kr/Lecture/SearchLectureDetail.aspx?LectureMasterID=7716717,신규
홈플러스 순천점,[유아] 조형/만들기,[칠보공예] 1일 5세~초등 9/18(금) 손거울,안진숙,2020-09-18,17:00,17:50,금요일,"2,000원",1회,접수가능,http://school.homeplus.co.kr/Lecture/SearchLectureDetail.aspx?LectureMasterID=7739543,신규
홈플러스 순천점,[유아] 칼라믹스/클레이,[체험놀이]1일 5세~초등 9/26(토) 클레이 온도계,안진숙,2020-09-26,13:00,13:40,토요일,"2,000원",1회,접수가능,http://school.homeplus.co.kr/Lecture/SearchLectureDetail.aspx?LectureMasterID=7709715,신규
홈플러스 순천점,[유아] 키즈쿠킹,"[체험]1일 (4세이상, 수시진행) ★재료비무료★9/26(토) 동글동글 마카롱 꾸미기a",강현진,2020-09-26,11:00,13:00,토요일,"1,000원",1회,접수가능,http://school.homeplus.co.kr/Lecture/SearchLectureDetail.aspx?LectureMasterID=7712194,신규
홈플러스 순천점,[유아] 창의미술,[토]생각하는 미술교실 5~6세 10시★인기★9/5개강,김유진,2020-09-05,10:00,10:50,토요일,"90,000원",12회,접수가능,http://school.homeplus.co.kr/Lecture/SearchLectureDetail.aspx?LectureMasterID=7695317,신규
홈플러스 순천점,[초등] 인기가요댄스,[토] K-POP 방송댄스 (5세~성인) 15시10분(10회)※9/5개강,이수진,2020-09-05,15:10,15:50,토요일,"50,000원",10회,접수가능,http://school.homeplus.co.kr/Lecture/SearchLectureDetail.aspx?LectureMasterID=7700118,신규
홈플러스 순천점,[유아] 리딩 멘토링 키즈 스콜레,[키즈스콜레] 밤비노 루크1일 (4~5세) 10/7(수) 같은 그림찾기 열차,김남희,2020-10-07,16:10,16:50,수요일,"2,000원",1회,접수가능,http://school.homeplus.co.kr/Lecture/SearchLectureDetail.aspx?LectureMasterID=7727685,신규
홈플러스 순천점,[유아] 종이접기,[토]어린이 종이접기(유아) 5~7세 15시(10회)※9/5개강,김미순,2020-09-05,15:00,15:50,토요일,"66,700원",10회,접수가능,http://school.homeplus.co.kr/Lecture/SearchLectureDetail.aspx?LectureMasterID=7700530,신규
홈플러스 순천점,[초등] 키즈쿠킹,[토] 요술쟁이 키즈쿠킹 (5세~초등) -6회※9/5 개강,김학,2020-09-05,17:30,18:10,토요일,"30,000원",6회,접수가능,http://school.homeplus.co.kr/Lecture/SearchLectureDetail.aspx?LectureMasterID=7700068,신규
홈플러스 순천점,[유아] 리딩 멘토링 키즈 스콜레,[키즈스콜레] 밤비노 루크1일 (4~5세) 9/9(수) 나는 어디에 있나요?,김남희,2020-09-09,16:10,16:50,수요일,"2,000원",1회,접수가능,http://school.homeplus.co.kr/Lecture/SearchLectureDetail.aspx?LectureMasterID=7727682,신규
홈플러스 순천점,[유아] 키즈쿠킹,[폰타나 쿠킹클래스 ]1일 5세이상~누구나 9/20(일) 샘표 베이컨머쉬룸 크림파스타,강영주,2020-09-20,15:00,15:40,일요일,"4,000원",1회,접수가능,http://school.homeplus.co.kr/Lecture/SearchLectureDetail.aspx?LectureMasterID=7758922,신규
홈플러스 순천점,[유아] 트니트니,[토]토요트니짐 (TN짐) (4~7세) -가제트 쌤과 함께※9/5개강,장정호,2020-09-05,14:10,14:50,토요일,"90,000원",12회,접수가능,http://school.homeplus.co.kr/Lecture/SearchLectureDetail.aspx?LectureMasterID=7700401,신규
홈플러스 순천점,[유아] 실험탐구,"[토]해법생태 과학교실 (유아) 4~6세,실험 11시15분(10회)※9/5개강",박미라,2020-09-05,11:15,11:55,토요일,"75,000원",10회,접수가능,http://school.homeplus.co.kr/Lecture/SearchLectureDetail.aspx?LectureMasterID=7700460,신규
홈플러스 순천점,[유아] 인기가요댄스,"★1,000원★K-pop방송댄스 체험전 (5세이상) 8/29(토)15시",이수진,2020-08-29,15:00,15:40,토요일,"1,000원",1회,접수가능,http://school.homeplus.co.kr/Lecture/SearchLectureDetail.aspx?LectureMasterID=7716118,신규
홈플러스 순천점,[유아] 퍼포먼스미술,[행복미술]유아 1일 5~7세 8/24(월) 반고흐의 해바라기,김길미,2020-08-24,17:10,17:50,월요일,"2,000원",1회,접수가능,http://school.homeplus.co.kr/Lecture/SearchLectureDetail.aspx?LectureMasterID=7710909,신규
홈플러스 순천점,[유아] 실험탐구,"[토]해법생태 과학교실 (유아) 5~7세,실험 12시(10회)※9/5개강",박미라,2020-09-05,12:00,12:40,토요일,"75,000원",10회,접수가능,http://school.homeplus.co.kr/Lecture/SearchLectureDetail.aspx?LectureMasterID=7700461,신규
홈플러스 순천점,[성인] 서양요리,[폰타나 쿠킹클래스] 1일 5세이상~누구나 9/20(일) 샘표 베이컨머쉬룸 크림파스타,강영주,2020-09-20,15:00,15:40,일요일,"4,000원",1회,접수가능,http://school.homeplus.co.kr/Lecture/SearchLectureDetail.aspx?LectureMasterID=7731601,신규
홈플러스 순천점,[유아] 퍼포먼스미술,[행복미술]유아 1일 5~7세 8/31(월) 날아라 로켓 친구,김길미,2020-08-31,17:10,17:50,월요일,"2,000원",1회,접수가능,http://school.homeplus.co.kr/Lecture/SearchLectureDetail.aspx?LectureMasterID=7710892,신규
홈플러스 순천점,[유아] 매직아트,"★1,000★신디매직-매직벌룬쇼&해리의 마법교실 (24개월~성인) 9/19(토)★부모,자녀 각각신청★",신동용,2020-09-19,17:20,18:00,토요일,"1,000원",1회,접수가능,http://school.homeplus.co.kr/Lecture/SearchLectureDetail.aspx?LectureMasterID=7716743,신규
홈플러스 순천점,[유아] 트니트니,"★1,000원★가제트쌤과 트니 체험전 (4~7세) 8/22(토)",장정호,2020-08-22,14:10,14:50,토요일,"1,000원",1회,접수가능,http://school.homeplus.co.kr/Lecture/SearchLectureDetail.aspx?LectureMasterID=7740106,신규
홈플러스 순천점,[유아] 키즈쿠킹,"★인기★스크래치 아트&캐릭터 솜사탕 (4세이상, 수시진행) 9/5(토) 편한시간대에 오세요",정미란,2020-09-05,11:00,15:00,토요일,"4,000원",1회,접수가능,http://school.homeplus.co.kr/Lecture/SearchLectureDetail.aspx?LectureMasterID=7702701,신규
홈플러스 순천점,[유아] 보드게임,"★1,000원★보드게임 체험전 (5~7세) 8/22(토)",김건수,2020-08-22,14:10,14:50,토요일,"1,000원",1회,접수가능,http://school.homeplus.co.kr/Lecture/SearchLectureDetail.aspx?LectureMasterID=7716689,신규
홈플러스 순천점,[유아] 발레,"★1,000원★키즈 발레 체험전 (4세이상) 8/22(토)13시20분",김보라,2020-08-22,13:20,14:10,토요일,"1,000원",1회,접수가능,http://school.homeplus.co.kr/Lecture/SearchLectureDetail.aspx?LectureMasterID=7715989,신규
홈플러스 순천점,[유아] 홈플러스 e파란재단,"♥인형극♥쿠리쿠리 마왕과 쓰레기 대소동 (전연령층) 9/6(일) ♥천원♥부모,자녀 각각접수",호이에듀,2020-09-06,14:00,14:40,일요일,"1,000원",1회,접수가능,http://school.homeplus.co.kr/Lecture/SearchLectureDetail.aspx?LectureMasterID=7717710,신규
홈플러스 순천점,[유아] 창의미술,창의력 쑥쑥 그리기(유아)1일 5~7세 9/20(일) 부엉이 그리기,박은성,2020-09-20,14:00,14:50,일요일,"2,000원",1회,접수가능,http://school.homeplus.co.kr/Lecture/SearchLectureDetail.aspx?LectureMasterID=7715992,신규
홈플러스 순천점,[유아] 창의미술,창의력 쑥쑥 그리기(유아)1일 5~7세 10/18(일) 보름달이 떴어요,박은성,2020-10-18,14:00,14:50,일요일,"2,000원",1회,접수가능,http://school.homeplus.co.kr/Lecture/SearchLectureDetail.aspx?LectureMasterID=7716071,신규
